kata alay,kode,kata kamus,sequence matcher,minimum edit distance,perbaikan kata,perbaikan kata 2
aaaaaaaaaaaaahhhhhhh,A200H,ah,0.182,18.0,ah,
aaasiapaaasiap,A230P,afp,0.235,12.0,afp,
aabid,A330D,abad,0.667,2.0,abid,
aabid,A330D,abid,0.889,1.0,abid,
aabid,A330D,akad,0.667,3.0,abid,
aabid,A330D,akaid,0.8,2.0,abid,
aadec,A330C,abc,0.5,3.0,abc,
aado,A300O,aco,0.571,2.0,aco,
aado,A300O,agio,0.5,2.0,aco,
aado,A300O,agogo,0.444,3.0,aco,
aado,A300O,akeo,0.5,2.0,aco,
aage,A300E,ade,0.571,2.0,ade,
aagr,A360R,abar,0.75,2.0,abar,
aagr,A360R,abarabar,0.5,5.0,abar,
aagr,A360R,abrar,0.667,3.0,abar,
aagr,A360R,abur,0.5,2.0,abar,
aagr,A360R,acar,0.75,2.0,abar,acar
aagr,A360R,adar,0.75,2.0,abar,adar
aagr,A360R,agar,0.75,2.0,abar,agar
aagr,A360R,agaragar,0.5,4.0,abar,
aagr,A360R,ajar,0.75,2.0,abar,ajar
aagr,A360R,ajarajar,0.5,5.0,abar,
aagr,A360R,ajir,0.5,2.0,abar,
aagr,A360R,ajur,0.5,2.0,abar,
aagr,A360R,akar,0.75,2.0,abar,akar
aagr,A360R,akarakar,0.5,5.0,abar,
aagr,A360R,akor,0.5,2.0,abar,
aah,A200H,ah,0.8,1.0,ah,
aahhh,A200H,ah,0.571,3.0,ah,
aaji,A300I,abai,0.75,2.0,aji,
aaji,A300I,abi,0.571,2.0,aji,
aaji,A300I,aboi,0.5,2.0,aji,
aaji,A300I,aci,0.571,2.0,aji,
aaji,A300I,aciaci,0.6,3.0,aji,
aaji,A300I,adi,0.571,2.0,aji,
aaji,A300I,aji,0.857,1.0,aji,
aaji,A300I,ajiaji,0.6,2.0,aji,
aaji,A300I,aki,0.571,2.0,aji,
aaji,A300I,akiaki,0.6,3.0,aji,
aal,A400L,ail,0.667,1.0,ail,
aasxsdlls,A223S,ahistoris,0.333,7.0,ahistoris,
aatek,A330K,abuk,0.444,3.0,acak,
aatek,A330K,abukabuk,0.462,5.0,acak,
aatek,A330K,acak,0.667,3.0,acak,
aatek,A330K,acakacak,0.462,5.0,acak,
aatek,A330K,acik,0.444,3.0,acak,
aatek,A330K,adik,0.444,3.0,acak,
aatek,A330K,aduk,0.444,3.0,acak,
aatek,A330K,agak,0.667,3.0,acak,agak
aatek,A330K,agakagak,0.462,5.0,acak,
aatek,A330K,aguk,0.444,3.0,acak,
aatek,A330K,ajak,0.667,3.0,acak,ajak
aatek,A330K,ajek,0.667,2.0,acak,
aatek,A330K,ajuk,0.444,3.0,acak,
ab,A300B,abab,0.667,2.0,aib,
ab,A300B,aib,0.8,1.0,aib,
abadai,A330I,abadi,0.909,1.0,abadi,
abadai,A330I,abdi,0.8,2.0,abadi,
abadai,A330I,adaibadai,0.8,3.0,abadi,
abadai,A330I,adati,0.727,3.0,abadi,
abaikansaja,A335A,abdinya,0.333,6.0,ajakannya,
abaikansaja,A335A,abdomennya,0.286,7.0,ajakannya,
abaikansaja,A335A,adatnya,0.333,7.0,ajakannya,
abaikansaja,A335A,adegannya,0.4,7.0,ajakannya,
abaikansaja,A335A,adiguna,0.222,7.0,ajakannya,
abaikansaja,A335A,adikadiknya,0.545,7.0,ajakannya,
abaikansaja,A335A,adikadiknya,0.545,7.0,ajakannya,
abaikansaja,A335A,adiknya,0.444,6.0,ajakannya,
abaikansaja,A335A,aditama,0.333,7.0,ajakannya,
abaikansaja,A335A,agaknya,0.444,6.0,ajakannya,
abaikansaja,A335A,ajaibnya,0.316,6.0,ajakannya,
abaikansaja,A335A,ajakannya,0.6,5.0,ajakannya,
abaikansaja,A335A,ajudannya,0.4,7.0,ajakannya,
abaikansaja,A335A,ajukannya,0.5,6.0,ajakannya,
abaikansaja,A335A,akademika,0.5,8.0,ajakannya,
abaikansaja,A335A,akademiknya,0.455,8.0,ajakannya,
abaikansaja,A335A,akademisnya,0.455,7.0,ajakannya,
abangda,A353A,abangga,0.857,1.0,abangga,
abangda,A353A,abangnya,0.8,2.0,abangga,
abangda,A353A,agenda,0.615,3.0,abangga,
abangda,A353A,agendanya,0.5,6.0,abangga,
abangda,A353A,akomodasinya,0.316,9.0,abangga,
abangg,A353G,abang,0.909,1.0,abang,
abangg,A353G,abing,0.727,2.0,abang,
abangg,A353G,abong,0.727,2.0,abang,
abangg,A353G,abongabong,0.625,5.0,abang,
abangg,A353G,acang,0.727,2.0,abang,
abangg,A353G,acangacang,0.625,5.0,abang,
abangg,A353G,acung,0.545,3.0,abang,
abangg,A353G,adang,0.727,2.0,abang,
abangg,A353G,adangadang,0.625,5.0,abang,
abangg,A353G,ading,0.545,3.0,abang,
abangg,A353G,ajang,0.727,2.0,abang,
abangg,A353G,ajeng,0.545,3.0,abang,
abangg,A353G,ajojing,0.462,5.0,abang,
abangg,A353G,ajung,0.545,3.0,abang,
abangg,A353G,akang,0.727,2.0,abang,
abangg,A353G,aking,0.545,3.0,abang,
abangku,A353U,abangmu,0.857,1.0,abangmu,
abangku,A353U,adindaku,0.533,4.0,abangmu,
abangku,A353U,agamaku,0.571,3.0,abangmu,
abank,A353K,adenotropik,0.375,8.0,adenotropik,
abazgukangen,A323N,abstain,0.421,8.0,agihkan,
abazgukangen,A323N,adstringen,0.455,7.0,agihkan,
abazgukangen,A323N,agihkan,0.526,8.0,agihkan,
abbas,A320S,abas,0.889,1.0,abas,
abbas,A320S,abis,0.667,2.0,abas,
abbas,A320S,abses,0.6,2.0,abas,
abbas,A320S,absis,0.6,2.0,abas,
abbas,A320S,abus,0.667,2.0,abas,
abbas,A320S,adas,0.667,2.0,abas,
abbas,A320S,aedes,0.4,3.0,abas,
abbas,A320S,agas,0.667,2.0,abas,
abbas,A320S,agus,0.444,3.0,abas,
abbas,A320S,akas,0.667,2.0,abas,
abbasali,A324I,absolusi,0.625,5.0,absolusi,
abbasali,A324I,akhlaki,0.4,5.0,absolusi,
abbe,A300E,ade,0.571,2.0,ade,
abbott,A330T,abet,0.6,3.0,abet,
abbott,A330T,acat,0.4,4.0,abet,
abbott,A330T,adat,0.4,4.0,abet,
abbott,A330T,adatadat,0.429,6.0,abet,
abbott,A330T,agut,0.4,4.0,abet,
abbott,A330T,agutagut,0.429,6.0,abet,
abdimah,A335H,adakanlah,0.5,6.0,adakanlah,
abdinegara,A335A,abdinya,0.706,4.0,abdinya,
abdinegara,A335A,abdomennya,0.5,5.0,abdinya,
abdinegara,A335A,adatnya,0.471,7.0,abdinya,
abdinegara,A335A,adegannya,0.632,6.0,abdinya,
abdinegara,A335A,adiguna,0.588,5.0,abdinya,
abdinegara,A335A,adikadiknya,0.476,8.0,abdinya,
abdinegara,A335A,adikadiknya,0.476,8.0,abdinya,
abdinegara,A335A,adiknya,0.588,6.0,abdinya,
abdinegara,A335A,aditama,0.588,5.0,abdinya,
abdinegara,A335A,agaknya,0.471,7.0,abdinya,
abdinegara,A335A,ajaibnya,0.444,7.0,abdinya,
abdinegara,A335A,ajakannya,0.316,8.0,abdinya,
abdinegara,A335A,ajudannya,0.421,7.0,abdinya,
abdinegara,A335A,ajukannya,0.316,8.0,abdinya,
abdinegara,A335A,akademika,0.421,7.0,abdinya,
abdinegara,A335A,akademiknya,0.476,8.0,abdinya,
abdinegara,A335A,akademisnya,0.476,8.0,abdinya,
abduk,A333K,abiotik,0.5,4.0,abiotik,
abduk,A333K,adiabatik,0.429,6.0,abiotik,
abduk,A333K,adiaktinik,0.4,8.0,abiotik,
abduk,A333K,adikberadik,0.5,7.0,abiotik,adikberadik
abe,A300E,ade,0.667,1.0,ade,
abee,A300E,ade,0.571,2.0,ade,
abel,A340L,abal,0.75,1.0,abal,
abel,A340L,abalabal,0.5,5.0,abal,
abel,A340L,abul,0.75,1.0,abal,abul
abel,A340L,adil,0.5,2.0,abal,
abel,A340L,agal,0.5,2.0,abal,
abel,A340L,agil,0.5,2.0,abal,
abel,A340L,agul,0.5,2.0,abal,
abel,A340L,ajal,0.5,2.0,abal,
abel,A340L,akal,0.5,2.0,abal,
abel,A340L,akil,0.5,2.0,abal,
abelih,A342H,abilah,0.667,2.0,abilah,
abelih,A342H,adalah,0.5,3.0,abilah,
abelih,A342H,adillah,0.462,4.0,abilah,
abelih,A342H,akalilah,0.571,4.0,abilah,
abelih,A342H,akliah,0.667,3.0,abilah,akliah
abell,A340L,abal,0.667,2.0,abal,
abell,A340L,abalabal,0.615,4.0,abal,
abell,A340L,abul,0.667,2.0,abal,abul
abell,A340L,adil,0.444,3.0,abal,
abell,A340L,agal,0.444,3.0,abal,
abell,A340L,agil,0.444,3.0,abal,
abell,A340L,agul,0.444,3.0,abal,
abell,A340L,ajal,0.444,3.0,abal,
abell,A340L,akal,0.444,3.0,abal,
abell,A340L,akil,0.444,3.0,abal,
abelss,A342S,adolesens,0.533,5.0,adolesens,
abequynwhbpelatihan,A321N,akhwan,0.32,15.0,akhwan,
abg,A330G,ajag,0.571,2.0,ajag,
abgbugil,A334L,abdul,0.615,4.0,abdul,
abggota,A333A,adiboga,0.571,4.0,adiboga,
abggota,A333A,adicita,0.429,4.0,adiboga,
abggota,A333A,adjektiva,0.375,6.0,adiboga,
abggota,A333A,akibatnya,0.5,6.0,adiboga,
abghot,A332T,adatistiadat,0.222,10.0,adatistiadat,
abigail,A334L,abdul,0.5,4.0,abdul,
abighya,A332A,adatistiadatnya,0.364,11.0,adiposa,
abighya,A332A,adibusana,0.375,6.0,adiposa,
abighya,A332A,adikuasa,0.4,5.0,adiposa,
abighya,A332A,adiposa,0.429,4.0,adiposa,
abiis,A320S,abas,0.667,2.0,abis,
abiis,A320S,abis,0.889,1.0,abis,
abiis,A320S,abses,0.6,2.0,abis,
abiis,A320S,absis,0.8,1.0,abis,
abiis,A320S,abus,0.667,2.0,abis,
abiis,A320S,adas,0.444,3.0,abis,
abiis,A320S,aedes,0.4,3.0,abis,
abiis,A320S,agas,0.444,3.0,abis,
abiis,A320S,agus,0.444,3.0,abis,
abiis,A320S,akas,0.444,3.0,abis,
abinegara,A353A,abangga,0.625,4.0,abangga,
abinegara,A353A,abangnya,0.588,4.0,abangga,
abinegara,A353A,agenda,0.4,6.0,abangga,
abinegara,A353A,agendanya,0.444,6.0,abangga,
abinegara,A353A,akomodasinya,0.381,9.0,abangga,
abisbiar,A326R,absorpsiometer,0.364,10.0,akhir,
abisbiar,A326R,absorsiometer,0.381,9.0,akhir,
abisbiar,A326R,akhir,0.462,5.0,akhir,
abisbiar,A326R,akhirakhir,0.444,7.0,akhir,
abiscepeet,A323T,absit,0.533,6.0,absit,
abiscepeet,A323T,advokat,0.235,8.0,absit,
abisin,A325N,absen,0.727,2.0,absen,
abisin,A325N,absonan,0.615,4.0,absen,
abisin,A325N,abuhabuhan,0.375,7.0,absen,
abisin,A325N,abuhan,0.5,3.0,absen,
abisin,A325N,acuhan,0.333,4.0,absen,
abisin,A325N,adven,0.364,4.0,absen,
abisin,A325N,agihan,0.5,3.0,absen,
abisin,A325N,ajufan,0.333,4.0,absen,
abiskan,A323N,abstain,0.571,3.0,agihkan,
abiskan,A323N,adstringen,0.353,7.0,agihkan,
abiskan,A323N,agihkan,0.714,2.0,agihkan,
abisnya,A325A,absensia,0.533,4.0,acuhnya,
abisnya,A325A,acuhnya,0.571,3.0,acuhnya,
abisnya,A325A,adventisia,0.471,7.0,acuhnya,
abisnya,A325A,akhimya,0.571,4.0,acuhnya,akhimya
abissukses,A323S,agustus,0.353,6.0,agustus,
abjar,A336R,abatoar,0.667,3.0,abtar,
abjar,A336R,abtar,0.8,1.0,abtar,
abjar,A336R,abubakar,0.615,4.0,abtar,
abjar,A336R,agitator,0.462,5.0,abtar,
abjar,A336R,akbar,0.8,2.0,abtar,akbar
abk,A330K,abuk,0.857,1.0,abuk,
abk,A330K,abukabuk,0.545,5.0,abuk,
abk,A330K,acak,0.571,2.0,abuk,
abk,A330K,acakacak,0.364,6.0,abuk,
abk,A330K,acik,0.571,2.0,abuk,
abk,A330K,adik,0.571,2.0,abuk,
abk,A330K,aduk,0.571,2.0,abuk,
abk,A330K,agak,0.571,2.0,abuk,
abk,A330K,agakagak,0.364,6.0,abuk,
abk,A330K,aguk,0.571,2.0,abuk,
abk,A330K,ajak,0.571,2.0,abuk,
abk,A330K,ajek,0.571,2.0,abuk,
abk,A330K,ajuk,0.571,2.0,abuk,
abkdiamondprincess,A333S,adaptabilitas,0.323,13.0,adiabatis,
abkdiamondprincess,A333S,adiabatis,0.444,12.0,adiabatis,
abkdiamondprincesss,A333S,adaptabilitas,0.312,14.0,adiabatis,
abkdiamondprincesss,A333S,adiabatis,0.429,13.0,adiabatis,
abn,A350N,abaian,0.667,3.0,aban,
abn,A350N,aban,0.857,1.0,aban,
abn,A350N,aben,0.857,1.0,aban,aben
abn,A350N,abon,0.857,1.0,aban,abon
abn,A350N,abuabuan,0.545,5.0,aban,
abn,A350N,abuan,0.75,2.0,aban,
abn,A350N,abun,0.857,1.0,aban,abun
abn,A350N,abunabun,0.545,5.0,aban,
abn,A350N,acan,0.571,2.0,aban,
abn,A350N,aciacian,0.364,6.0,aban,
abn,A350N,acian,0.5,3.0,aban,
abn,A350N,acoacoan,0.364,6.0,aban,
abn,A350N,acoan,0.5,3.0,aban,
abn,A350N,acuan,0.5,3.0,aban,
abn,A350N,adan,0.571,2.0,aban,
abn,A350N,adenin,0.444,4.0,aban,
abn,A350N,adnan,0.5,3.0,aban,
abn,A350N,adon,0.571,2.0,aban,
abn,A350N,adonan,0.444,4.0,aban,
abn,A350N,aduan,0.5,3.0,aban,
abn,A350N,adun,0.571,2.0,aban,
abn,A350N,adunan,0.444,4.0,aban,
abn,A350N,agan,0.571,2.0,aban,
abn,A350N,agen,0.571,2.0,aban,
abn,A350N,agon,0.571,2.0,aban,
abn,A350N,agun,0.571,2.0,aban,
abn,A350N,agunan,0.444,4.0,aban,
abn,A350N,ajuan,0.5,3.0,aban,
abn,A350N,ajun,0.571,2.0,aban,
abn,A350N,akan,0.571,2.0,aban,
abn,A350N,akanakan,0.364,6.0,aban,
abn,A350N,akanan,0.444,4.0,aban,
aboe,A300E,ade,0.571,2.0,ade,
abolish,A342H,abilah,0.615,3.0,abilah,
abolish,A342H,adalah,0.462,4.0,abilah,
abolish,A342H,adillah,0.429,4.0,abilah,
abolish,A342H,akalilah,0.533,4.0,abilah,
abolish,A342H,akliah,0.615,3.0,abilah,akliah
abor,A360R,abar,0.75,1.0,abar,
abor,A360R,abarabar,0.5,5.0,abar,
abor,A360R,abrar,0.667,2.0,abar,
abor,A360R,abur,0.75,1.0,abar,abur
abor,A360R,acar,0.5,2.0,abar,
abor,A360R,adar,0.5,2.0,abar,
abor,A360R,agar,0.5,2.0,abar,
abor,A360R,agaragar,0.333,6.0,abar,
abor,A360R,ajar,0.5,2.0,abar,
abor,A360R,ajarajar,0.333,6.0,abar,
abor,A360R,ajir,0.5,2.0,abar,
abor,A360R,ajur,0.5,2.0,abar,
abor,A360R,akar,0.5,2.0,abar,
abor,A360R,akarakar,0.333,6.0,abar,
abor,A360R,akor,0.75,1.0,abar,akor
aborrr,A360R,abar,0.6,3.0,abrar,
aborrr,A360R,abarabar,0.571,4.0,abrar,
aborrr,A360R,abrar,0.727,2.0,abrar,
aborrr,A360R,abur,0.6,3.0,abrar,
aborrr,A360R,acar,0.4,4.0,abrar,
aborrr,A360R,adar,0.4,4.0,abrar,
aborrr,A360R,agar,0.4,4.0,abrar,
aborrr,A360R,agaragar,0.429,5.0,abrar,
aborrr,A360R,ajar,0.4,4.0,abrar,
aborrr,A360R,ajarajar,0.429,5.0,abrar,
aborrr,A360R,ajir,0.4,4.0,abrar,
aborrr,A360R,ajur,0.4,4.0,abrar,
aborrr,A360R,akar,0.4,4.0,abrar,
aborrr,A360R,akarakar,0.429,5.0,abrar,
aborrr,A360R,akor,0.6,3.0,abrar,
abortion,A363N,abritabritan,0.6,7.0,akordeon,
abortion,A363N,agropolitan,0.421,7.0,akordeon,
abortion,A363N,ajarkan,0.4,5.0,akordeon,
abortion,A363N,akordeon,0.625,3.0,akordeon,
about,A330T,abet,0.667,2.0,abet,
about,A330T,acat,0.444,3.0,abet,
about,A330T,adat,0.444,3.0,abet,
about,A330T,adatadat,0.308,6.0,abet,
about,A330T,agut,0.667,2.0,abet,agut
about,A330T,agutagut,0.462,5.0,abet,
aboutcirebon,A333N,abadikan,0.4,8.0,abadikan,
aboutcirebon,A333N,akibatkan,0.381,10.0,abadikan,
abpalpvwssejumlah,A334H,abdulah,0.5,11.0,abdulah,
abpalpvwssejumlah,A334H,abdullah,0.48,11.0,abdulah,
abpalpvwssejumlah,A334H,adatlah,0.417,12.0,abdulah,
abpalpvwssejumlah,A334H,adukaduklah,0.429,12.0,abdulah,
abpalpvwssejumlah,A334H,aduklah,0.417,12.0,abdulah,
abpalpvwssejumlah,A334H,ajaklah,0.417,12.0,abdulah,
abraar,A360R,abar,0.8,2.0,abrar,
abraar,A360R,abarabar,0.857,2.0,abrar,
abraar,A360R,abrar,0.909,1.0,abrar,
abraar,A360R,abur,0.6,3.0,abrar,
abraar,A360R,acar,0.6,3.0,abrar,
abraar,A360R,adar,0.6,3.0,abrar,
abraar,A360R,agar,0.6,3.0,abrar,
abraar,A360R,agaragar,0.714,3.0,abrar,
abraar,A360R,ajar,0.6,3.0,abrar,
abraar,A360R,ajarajar,0.714,3.0,abrar,
abraar,A360R,ajir,0.4,4.0,abrar,
abraar,A360R,ajur,0.4,4.0,abrar,
abraar,A360R,akar,0.6,3.0,abrar,
abraar,A360R,akarakar,0.714,3.0,abrar,
abraar,A360R,akor,0.4,4.0,abrar,
abrutwmr,A363R,agrikultur,0.556,6.0,agrikultur,
abrutwmrtidak,A363K,abrak,0.556,8.0,abrak,
abrutwmrtidak,A363K,abrek,0.444,9.0,abrak,
abrutwmrtidak,A363K,abrik,0.556,8.0,abrak,abrik
abrutwmrtidak,A363K,akrobatik,0.455,8.0,abrak,
abs,A320S,abas,0.857,1.0,abas,
abs,A320S,abis,0.857,1.0,abas,abis
abs,A320S,abses,0.75,2.0,abas,
abs,A320S,absis,0.75,2.0,abas,
abs,A320S,abus,0.857,1.0,abas,abus
abs,A320S,adas,0.571,2.0,abas,
abs,A320S,aedes,0.5,3.0,abas,
abs,A320S,agas,0.571,2.0,abas,
abs,A320S,agus,0.571,2.0,abas,
abs,A320S,akas,0.571,2.0,abas,
absennya,A325A,absensia,0.75,2.0,absensia,
absennya,A325A,acuhnya,0.533,4.0,absensia,
absennya,A325A,adventisia,0.444,6.0,absensia,
absennya,A325A,akhimya,0.4,5.0,absensia,
abshor,A322R,abiosfer,0.571,4.0,abiosfer,
absinthe,A325E,absente,0.8,2.0,absente,
absinthe,A325E,absenteisme,0.632,5.0,absente,
abud,A330D,abad,0.75,1.0,abad,
abud,A330D,abid,0.75,1.0,abad,abid
abud,A330D,akad,0.5,2.0,abad,
abud,A330D,akaid,0.444,3.0,abad,
abudabi,A330I,abadi,0.667,3.0,abdi,
abudabi,A330I,abdi,0.727,3.0,abdi,
abudabi,A330I,adaibadai,0.625,5.0,abdi,
abudabi,A330I,adati,0.667,3.0,abdi,
abuker,A336R,abatoar,0.462,4.0,abubakar,
abuker,A336R,abtar,0.545,3.0,abubakar,
abuker,A336R,abubakar,0.714,3.0,abubakar,
abuker,A336R,agitator,0.286,6.0,abubakar,
abuker,A336R,akbar,0.545,4.0,abubakar,
abuna,A350A,adenda,0.545,3.0,aduna,
abuna,A350A,adenia,0.545,3.0,aduna,
abuna,A350A,adenina,0.5,4.0,aduna,
abuna,A350A,adina,0.6,2.0,aduna,
abuna,A350A,adinda,0.545,3.0,aduna,
abuna,A350A,aduna,0.8,1.0,aduna,
abuna,A350A,agama,0.4,3.0,aduna,
abuna,A350A,agonia,0.545,3.0,aduna,
aburizal,A362L,agrestal,0.5,5.0,agrestal,
abusers,A326S,absorbsivitas,0.5,9.0,absorptans,
abusers,A326S,absorptans,0.588,6.0,absorptans,
abusers,A326S,absortivitas,0.526,8.0,absorptans,
abusers,A326S,absurditas,0.471,6.0,absorptans,
abuti,A330I,abadi,0.6,2.0,abdi,
abuti,A330I,abdi,0.667,2.0,abdi,
abuti,A330I,adaibadai,0.429,6.0,abdi,
abuti,A330I,adati,0.6,2.0,abdi,
aca,A300A,aba,0.667,1.0,aba,
aca,A300A,abaaba,0.444,4.0,aba,
aca,A300A,ada,0.667,1.0,aba,ada
aca,A300A,aja,0.667,1.0,aba,aja
acabou,A330U,abdu,0.6,3.0,abdu,
acabou,A330U,adikku,0.333,4.0,abdu,
acabou,A330U,aibku,0.545,3.0,abdu,
acad,A330D,abad,0.75,1.0,abad,
acad,A330D,abid,0.5,2.0,abad,
acad,A330D,akad,0.75,1.0,abad,akad
acad,A330D,akaid,0.667,2.0,abad,
academybinar,A335R,adipenghantar,0.48,8.0,adipenghantar,
acajzdmepliss,A332S,abakus,0.316,10.0,abdas,
acajzdmepliss,A332S,abdas,0.333,10.0,abdas,
acajzdmepliss,A332S,adaks,0.333,10.0,abdas,adaks
acajzdmepliss,A332S,adipositas,0.261,10.0,abdas,
acaraki,A363I,abreaksi,0.667,4.0,abreaksi,
acaraki,A363I,abrupsi,0.429,5.0,abreaksi,
acaraki,A363I,agradasi,0.533,4.0,abreaksi,
acaraki,A363I,agrioekologi,0.421,9.0,abreaksi,
acaraki,A363I,agroekonomi,0.444,8.0,abreaksi,
acaraki,A363I,agroklimatologi,0.273,12.0,abreaksi,
acaraki,A363I,akreditasi,0.353,7.0,abreaksi,
acaraki,A363I,akreditisasi,0.316,9.0,abreaksi,
acarakijamu,A363U,acaraku,0.778,4.0,acaraku,
acarakotabatu,A363U,acaraku,0.7,6.0,acaraku,
acaramusikbatal,A365L,adrenal,0.364,11.0,adrenal,
acbaidowi,A333I,abdikasi,0.471,5.0,abdikasi,
acbaidowi,A333I,abduksi,0.375,6.0,abdikasi,
acbaidowi,A333I,acapkali,0.471,5.0,abdikasi,acapkali
acbaidowi,A333I,adaptasi,0.353,6.0,abdikasi,
acbaidowi,A333I,adipati,0.375,6.0,abdikasi,
acc,A300C,ac,0.8,1.0,ac,
access,A320S,abas,0.4,4.0,abses,
access,A320S,abis,0.4,4.0,abses,
access,A320S,abses,0.545,3.0,abses,
access,A320S,absis,0.545,4.0,abses,absis
access,A320S,abus,0.4,4.0,abses,
access,A320S,adas,0.4,4.0,abses,
access,A320S,aedes,0.545,3.0,abses,aedes
access,A320S,agas,0.4,4.0,abses,
access,A320S,agus,0.4,4.0,abses,
access,A320S,akas,0.4,4.0,abses,
accessible,A323E,abstraksionisme,0.4,11.0,abstraksionisme,
accident,A335T,adibangkit,0.444,7.0,adibangkit,
accidental,A335L,abdominal,0.526,6.0,abdominal,
accidents,A335S,abiogenesis,0.5,7.0,abiogenesis,
accidents,A335S,akademikus,0.421,7.0,abiogenesis,
accidents,A335S,akademis,0.471,5.0,abiogenesis,
accor,A360R,abar,0.444,3.0,acar,
accor,A360R,abarabar,0.308,6.0,acar,
accor,A360R,abrar,0.4,3.0,acar,
accor,A360R,abur,0.444,3.0,acar,
accor,A360R,acar,0.667,2.0,acar,
accor,A360R,adar,0.444,3.0,acar,
accor,A360R,agar,0.444,3.0,acar,
accor,A360R,agaragar,0.308,6.0,acar,
accor,A360R,ajar,0.444,3.0,acar,
accor,A360R,ajarajar,0.308,6.0,acar,
accor,A360R,ajir,0.444,3.0,acar,
accor,A360R,ajur,0.444,3.0,acar,
accor,A360R,akar,0.444,3.0,acar,
accor,A360R,akarakar,0.308,6.0,acar,
accor,A360R,akor,0.667,2.0,acar,akor
account,A353T,agamet,0.308,5.0,akinet,
account,A353T,akinet,0.462,5.0,akinet,
accounting,A353G,abang,0.4,7.0,acung,
accounting,A353G,abing,0.533,6.0,acung,
accounting,A353G,abong,0.533,6.0,acung,
accounting,A353G,abongabong,0.4,7.0,acung,
accounting,A353G,acang,0.533,6.0,acung,
accounting,A353G,acangacang,0.4,6.0,acung,
accounting,A353G,acung,0.667,5.0,acung,
accounting,A353G,adang,0.4,7.0,acung,
accounting,A353G,adangadang,0.3,7.0,acung,
accounting,A353G,ading,0.533,6.0,acung,
accounting,A353G,ajang,0.4,7.0,acung,
accounting,A353G,ajeng,0.4,7.0,acung,
accounting,A353G,ajojing,0.588,5.0,acung,
accounting,A353G,ajung,0.533,6.0,acung,
accounting,A353G,akang,0.4,7.0,acung,
accounting,A353G,aking,0.533,6.0,acung,
accounts,A353S,admitans,0.375,6.0,akantus,
accounts,A353S,akantus,0.533,5.0,akantus,
accusations,A323S,agustus,0.556,6.0,agustus,
accuser,A326R,absorpsiometer,0.381,10.0,absorsiometer,
accuser,A326R,absorsiometer,0.4,9.0,absorsiometer,
accuser,A326R,akhir,0.333,5.0,absorsiometer,
accuser,A326R,akhirakhir,0.235,8.0,absorsiometer,
aceatrmsminta,A336A,adikara,0.4,10.0,adikara,
aceatrmsminta,A336A,adikarya,0.381,10.0,adikara,
aceatrmsminta,A336A,adipura,0.2,10.0,adikara,
acehhebat,A323T,absit,0.429,7.0,absit,
acehhebat,A323T,advokat,0.375,6.0,absit,
ach,A320H,abah,0.571,2.0,acah,
ach,A320H,abahabah,0.364,6.0,acah,
ach,A320H,abuh,0.571,2.0,acah,
ach,A320H,acah,0.857,1.0,acah,
ach,A320H,aceh,0.857,1.0,acah,aceh
ach,A320H,acuh,0.857,1.0,acah,acuh
ach,A320H,adahah,0.444,4.0,acah,
ach,A320H,adeh,0.571,2.0,acah,
ach,A320H,aduh,0.571,2.0,acah,
ach,A320H,agah,0.571,2.0,acah,
ach,A320H,agih,0.571,2.0,acah,
ach,A320H,agihagih,0.364,6.0,acah,
ach,A320H,ajeh,0.571,2.0,acah,
ach,A320H,ajujah,0.444,4.0,acah,
ach,A320H,akikah,0.444,4.0,acah,
achirnya,A326A,adverbia,0.375,5.0,akhirnya,
achirnya,A326A,akhirakhirnya,0.667,6.0,akhirnya,
achirnya,A326A,akhirnya,0.875,1.0,akhirnya,
achirnya,A326A,akhirya,0.8,2.0,akhirnya,
achm,A325M,adiasam,0.364,5.0,adiasam,
achmadfauzi,A325I,absensi,0.222,9.0,absensi,
achmadfauzipeduli,A325I,absensi,0.167,14.0,absensi,
achmadyuriantomakin,A325N,absen,0.167,17.0,abuhabuhan,
achmadyuriantomakin,A325N,absonan,0.231,15.0,abuhabuhan,
achmadyuriantomakin,A325N,abuhabuhan,0.414,14.0,abuhabuhan,
achmadyuriantomakin,A325N,abuhan,0.32,15.0,abuhabuhan,
achmadyuriantomakin,A325N,acuhan,0.4,14.0,abuhabuhan,
achmadyuriantomakin,A325N,adven,0.25,16.0,abuhabuhan,
achmadyuriantomakin,A325N,agihan,0.32,15.0,abuhabuhan,
achmadyuriantomakin,A325N,ajufan,0.32,15.0,abuhabuhan,
achmadyuriantopasien,A325N,absen,0.32,16.0,abuhabuhan,
achmadyuriantopasien,A325N,absonan,0.222,16.0,abuhabuhan,
achmadyuriantopasien,A325N,abuhabuhan,0.4,15.0,abuhabuhan,
achmadyuriantopasien,A325N,abuhan,0.308,16.0,abuhabuhan,
achmadyuriantopasien,A325N,acuhan,0.385,15.0,abuhabuhan,
achmadyuriantopasien,A325N,adven,0.32,16.0,abuhabuhan,
achmadyuriantopasien,A325N,agihan,0.308,16.0,abuhabuhan,
achmadyuriantopasien,A325N,ajufan,0.308,16.0,abuhabuhan,
achor,A326R,absorpsiometer,0.316,11.0,akhir,
achor,A326R,absorsiometer,0.333,10.0,akhir,
achor,A326R,akhir,0.6,2.0,akhir,
achor,A326R,akhirakhir,0.4,7.0,akhir,
acid,A330D,abad,0.5,2.0,abid,
acid,A330D,abid,0.75,1.0,abid,
acid,A330D,akad,0.5,2.0,abid,
acid,A330D,akaid,0.667,2.0,abid,
acmrpsndata,A356A,adimarga,0.421,9.0,adimarga,
acmrpsndata,A356A,adinandra,0.4,7.0,adimarga,
acnftbccuk,A352K,agnostik,0.444,7.0,agnostik,
acnftbccuk,A352K,agonistik,0.421,8.0,agnostik,
acpcemvgubernur,A335R,adipenghantar,0.357,11.0,adipenghantar,
acqlweyk,A324K,akhlak,0.429,5.0,akhlak,
acquired,A326D,absurd,0.571,4.0,absurd,
acrivites,A362S,abras,0.429,6.0,agresivitas,
acrivites,A362S,abrus,0.429,6.0,agresivitas,
acrivites,A362S,adres,0.571,5.0,agresivitas,
acrivites,A362S,agraris,0.5,5.0,agresivitas,
acrivites,A362S,agresivitas,0.7,4.0,agresivitas,
across,A362S,abras,0.545,3.0,abras,
across,A362S,abrus,0.545,3.0,abras,abrus
across,A362S,adres,0.545,3.0,abras,adres
across,A362S,agraris,0.462,4.0,abras,
across,A362S,agresivitas,0.471,7.0,abras,
acrtrnqada,A363A,abortiva,0.444,7.0,abrakadabra,
acrtrnqada,A363A,abrakadabra,0.476,7.0,abrakadabra,
acrtrnqada,A363A,adiraja,0.353,6.0,abrakadabra,
acrtrnqada,A363A,adiratna,0.333,7.0,abrakadabra,
acrtrnqada,A363A,agripnia,0.444,6.0,abrakadabra,
acrtrnqada,A363A,agrokimia,0.316,7.0,abrakadabra,
acrtrnqada,A363A,ajarkannya,0.4,7.0,abrakadabra,
acrtrnqada,A363A,akrabnya,0.444,6.0,abrakadabra,
act,A330T,abet,0.571,2.0,acat,
act,A330T,acat,0.857,1.0,acat,
act,A330T,adat,0.571,2.0,acat,
act,A330T,adatadat,0.364,6.0,acat,
act,A330T,agut,0.571,2.0,acat,
act,A330T,agutagut,0.364,6.0,acat,
actbali,A333I,abdikasi,0.533,5.0,acapkali,
actbali,A333I,abduksi,0.429,5.0,acapkali,
actbali,A333I,acapkali,0.667,3.0,acapkali,
actbali,A333I,adaptasi,0.533,5.0,acapkali,
actbali,A333I,adipati,0.429,4.0,acapkali,
acting,A335G,adibintang,0.5,6.0,adigang,
acting,A335G,adigang,0.615,4.0,adigang,
acting,A335G,adigung,0.615,4.0,adigang,adigung
acting,A335G,adikong,0.615,4.0,adigang,adikong
acting,A335G,ajigineng,0.533,5.0,adigang,
action,A335N,abaikan,0.462,4.0,acatan,
action,A335N,abdomen,0.462,5.0,acatan,
action,A335N,abidin,0.5,4.0,acatan,
action,A335N,acakacakan,0.375,7.0,acatan,
action,A335N,acakan,0.5,3.0,acatan,
action,A335N,acatan,0.667,3.0,acatan,
action,A335N,acikan,0.667,3.0,acatan,acikan
action,A335N,acukan,0.5,3.0,acatan,
action,A335N,adakan,0.333,4.0,acatan,
action,A335N,adapadapan,0.25,8.0,acatan,
action,A335N,adapan,0.333,4.0,acatan,
action,A335N,adapun,0.333,4.0,acatan,
action,A335N,adegan,0.333,4.0,acatan,
action,A335N,adukadukan,0.25,8.0,acatan,
action,A335N,adukan,0.333,4.0,acatan,
action,A335N,adukkan,0.308,5.0,acatan,
action,A335N,agakan,0.333,4.0,acatan,
action,A335N,ajaiban,0.462,4.0,acatan,
action,A335N,ajakan,0.333,4.0,acatan,
action,A335N,ajudan,0.333,4.0,acatan,
action,A335N,ajukan,0.333,4.0,acatan,
actionnya,A335A,abdinya,0.625,4.0,abdomennya,
actionnya,A335A,abdomennya,0.632,5.0,abdomennya,
actionnya,A335A,adatnya,0.625,5.0,abdomennya,
actionnya,A335A,adegannya,0.556,4.0,abdomennya,
actionnya,A335A,adiguna,0.5,5.0,abdomennya,
actionnya,A335A,adikadiknya,0.5,7.0,abdomennya,
actionnya,A335A,adikadiknya,0.5,7.0,abdomennya,
actionnya,A335A,adiknya,0.625,4.0,abdomennya,
actionnya,A335A,aditama,0.375,6.0,abdomennya,
actionnya,A335A,agaknya,0.5,5.0,abdomennya,
actionnya,A335A,ajaibnya,0.588,4.0,abdomennya,
actionnya,A335A,ajakannya,0.556,4.0,abdomennya,
actionnya,A335A,ajudannya,0.556,4.0,abdomennya,
actionnya,A335A,ajukannya,0.556,4.0,abdomennya,
actionnya,A335A,akademika,0.333,7.0,abdomennya,
actionnya,A335A,akademiknya,0.5,7.0,abdomennya,
actionnya,A335A,akademisnya,0.5,7.0,abdomennya,
actions,A335S,abiogenesis,0.556,7.0,abiogenesis,
actions,A335S,akademikus,0.353,7.0,abiogenesis,
actions,A335S,akademis,0.4,6.0,abiogenesis,
activations,A332S,abakus,0.353,8.0,adipositas,
activations,A332S,abdas,0.375,8.0,adipositas,
activations,A332S,adaks,0.375,8.0,adipositas,
activations,A332S,adipositas,0.381,7.0,adipositas,
activist,A332T,adatistiadat,0.5,7.0,adatistiadat,
activites,A332S,abakus,0.267,7.0,adipositas,
activites,A332S,abdas,0.286,7.0,adipositas,
activites,A332S,adaks,0.286,7.0,adipositas,
activites,A332S,adipositas,0.526,6.0,adipositas,
activities,A332S,abakus,0.25,8.0,adipositas,
activities,A332S,abdas,0.267,8.0,adipositas,
activities,A332S,adaks,0.267,8.0,adipositas,
activities,A332S,adipositas,0.5,7.0,adipositas,
activiyes,A332S,abakus,0.267,7.0,adipositas,
activiyes,A332S,abdas,0.286,7.0,adipositas,
activiyes,A332S,adaks,0.286,7.0,adipositas,
activiyes,A332S,adipositas,0.316,7.0,adipositas,
actor,A336R,abatoar,0.667,3.0,abatoar,
actor,A336R,abtar,0.6,2.0,abatoar,
actor,A336R,abubakar,0.308,6.0,abatoar,
actor,A336R,agitator,0.615,4.0,abatoar,
actor,A336R,akbar,0.4,3.0,abatoar,
actout,A330T,abet,0.4,4.0,acat,
actout,A330T,acat,0.6,3.0,acat,
actout,A330T,adat,0.4,4.0,acat,
actout,A330T,adatadat,0.429,5.0,acat,
actout,A330T,agut,0.6,3.0,acat,agut
actout,A330T,agutagut,0.429,4.0,acat,
acts,A332S,abakus,0.4,4.0,abdas,
acts,A332S,abdas,0.444,3.0,abdas,
acts,A332S,adaks,0.444,3.0,abdas,adaks
acts,A332S,adipositas,0.429,7.0,abdas,
acuhkan,A323N,abstain,0.429,5.0,agihkan,
acuhkan,A323N,adstringen,0.235,8.0,agihkan,
acuhkan,A323N,agihkan,0.714,2.0,agihkan,
acunt,A353T,agamet,0.364,4.0,akinet,
acunt,A353T,akinet,0.545,3.0,akinet,
acusa,A320A,adha,0.444,3.0,akasia,
acusa,A320A,akasia,0.545,3.0,akasia,
acute,A330E,abate,0.6,2.0,abate,
acute,A330E,abece,0.6,3.0,abate,abece
acute,A330E,agape,0.4,3.0,abate,
acuu,A300U,abau,0.5,2.0,acu,
acuu,A300U,abu,0.571,2.0,acu,
acuu,A300U,abuabu,0.6,3.0,acu,
acuu,A300U,acau,0.75,1.0,acu,
acuu,A300U,acu,0.857,1.0,acu,
acuu,A300U,adu,0.571,2.0,acu,
acuu,A300U,aiku,0.5,2.0,acu,
acuu,A300U,aju,0.571,2.0,acu,
ad,A300D,adad,0.667,2.0,adad,
adaa,A300A,aba,0.571,2.0,ada,
adaa,A300A,abaaba,0.6,3.0,ada,
adaa,A300A,ada,0.857,1.0,ada,
adaa,A300A,aja,0.571,2.0,ada,
adaaa,A300A,aba,0.5,3.0,ada,
adaaa,A300A,abaaba,0.727,2.0,ada,
adaaa,A300A,ada,0.75,2.0,ada,
adaaa,A300A,aja,0.5,3.0,ada,
adaaaa,A300A,aba,0.444,4.0,abaaba,
adaaaa,A300A,abaaba,0.667,2.0,abaaba,
adaaaa,A300A,ada,0.667,3.0,abaaba,ada
adaaaa,A300A,aja,0.444,4.0,abaaba,
adaadaaja,A330A,abaka,0.429,6.0,abaka,
adaadaaja,A330A,adika,0.429,6.0,abaka,adika
adachi,A332I,abatisasi,0.4,6.0,adikasi,
adachi,A332I,adikasi,0.615,4.0,adikasi,
adachi,A332I,adiksi,0.5,3.0,adikasi,
adachi,A332I,adopsi,0.5,3.0,adikasi,
adachi,A332I,aduksi,0.5,3.0,adikasi,
adachi,A332I,agitasi,0.462,5.0,adikasi,
adain,A350N,abaian,0.727,2.0,adan,
adain,A350N,aban,0.667,2.0,adan,
adain,A350N,aben,0.444,3.0,adan,
adain,A350N,abon,0.444,3.0,adan,
adain,A350N,abuabuan,0.462,5.0,adan,
adain,A350N,abuan,0.6,3.0,adan,
adain,A350N,abun,0.444,3.0,adan,
adain,A350N,abunabun,0.462,5.0,adan,
adain,A350N,acan,0.667,2.0,adan,
adain,A350N,aciacian,0.615,4.0,adan,
adain,A350N,acian,0.6,3.0,adan,
adain,A350N,acoacoan,0.462,5.0,adan,
adain,A350N,acoan,0.6,3.0,adan,
adain,A350N,acuan,0.6,3.0,adan,
adain,A350N,adan,0.889,1.0,adan,
adain,A350N,adenin,0.727,2.0,adan,
adain,A350N,adnan,0.8,2.0,adan,
adain,A350N,adon,0.667,2.0,adan,
adain,A350N,adonan,0.727,3.0,adan,
adain,A350N,aduan,0.8,2.0,adan,
adain,A350N,adun,0.667,2.0,adan,
adain,A350N,adunan,0.727,3.0,adan,
adain,A350N,agan,0.667,2.0,adan,
adain,A350N,agen,0.444,3.0,adan,
adain,A350N,agon,0.444,3.0,adan,
adain,A350N,agun,0.444,3.0,adan,
adain,A350N,agunan,0.545,4.0,adan,
adain,A350N,ajuan,0.6,3.0,adan,
adain,A350N,ajun,0.444,3.0,adan,
adain,A350N,akan,0.667,2.0,adan,
adain,A350N,akanakan,0.462,5.0,adan,
adain,A350N,akanan,0.545,3.0,adan,
adajgn,A333N,abadikan,0.571,5.0,abadikan,
adajgn,A333N,akibatkan,0.4,6.0,abadikan,
adakami,A335I,akademi,0.714,3.0,akademi,
adakami,A335I,akademisi,0.625,5.0,akademi,
adala,A340A,abulia,0.364,3.0,acala,
adala,A340A,acala,0.8,1.0,acala,
adala,A340A,aglaia,0.545,3.0,acala,
adalahmudah,A342H,abilah,0.471,7.0,adalah,
adalahmudah,A342H,adalah,0.706,5.0,adalah,
adalahmudah,A342H,adillah,0.556,6.0,adalah,
adalahmudah,A342H,akalilah,0.526,6.0,adalah,
adalahmudah,A342H,akliah,0.471,7.0,adalah,
adalapenanggalan,A343N,aglikon,0.261,13.0,aglutinin,
adalapenanggalan,A343N,aglutinin,0.32,12.0,aglutinin,
adalapenanggalan,A343N,aglutinogen,0.296,11.0,aglutinin,
adamas,A352S,abnus,0.364,4.0,adimas,
adamas,A352S,adenosis,0.429,5.0,adimas,
adamas,A352S,adimas,0.833,1.0,adimas,
adamas,A352S,agamais,0.769,2.0,adimas,
adamas,A352S,agens,0.364,4.0,adimas,
adamas,A352S,agonis,0.333,4.0,adimas,
adamas,A352S,ajnas,0.545,3.0,adimas,
adams,A352S,abnus,0.4,3.0,adimas,
adams,A352S,adenosis,0.462,5.0,adimas,
adams,A352S,adimas,0.727,2.0,adimas,
adams,A352S,agamais,0.667,3.0,adimas,
adams,A352S,agens,0.4,3.0,adimas,
adams,A352S,agonis,0.364,4.0,adimas,
adams,A352S,ajnas,0.6,3.0,adimas,
adane,A350E,akene,0.6,2.0,akene,
adaorang,A365G,acerang,0.667,3.0,acerang,
adapositif,A332F,aditif,0.75,4.0,aditif,
adapositif,A332F,agitatif,0.556,6.0,aditif,
adaptations,A333S,adaptabilitas,0.667,5.0,adiabatis,
adaptations,A333S,adiabatis,0.7,5.0,adiabatis,
adapula,A334A,adakala,0.714,2.0,adakala,
adapula,A334A,adakalanya,0.588,5.0,adakala,
adapula,A334A,akapela,0.714,2.0,adakala,akapela
adapula,A334A,akatalepsia,0.444,7.0,adakala,
adararik,A363K,abrak,0.615,4.0,abrak,
adararik,A363K,abrek,0.462,5.0,abrak,
adararik,A363K,abrik,0.615,4.0,abrak,abrik
adararik,A363K,akrobatik,0.471,5.0,abrak,
adarkhqyylebih,A363H,ajarkanlah,0.417,8.0,ajarkanlah,
adayauda,A310A,abuya,0.462,5.0,adidaya,
adayauda,A310A,adidaya,0.667,4.0,adidaya,
adayauda,A310A,adiwidia,0.375,5.0,adidaya,
adb,A330B,adab,0.857,1.0,adab,
adb,A330B,adib,0.857,1.0,adab,adib
adb,A330B,ajab,0.571,2.0,adab,
adb,A330B,ajaib,0.5,3.0,adab,
add,A300D,adad,0.857,1.0,adad,
added,A300D,adad,0.667,2.0,adad,
addict,A333T,adekuat,0.462,4.0,adiabat,
addict,A333T,adiabat,0.615,4.0,adiabat,
addict,A333T,adibibit,0.571,4.0,adiabat,
addict,A333T,adpokat,0.462,4.0,adiabat,
addict,A333T,akibat,0.5,4.0,adiabat,
addiinmedia,A355A,abaimana,0.421,7.0,adinamia,
addiinmedia,A355A,adenoma,0.556,7.0,adinamia,
addiinmedia,A355A,adinamia,0.737,5.0,adinamia,
addiinmedia,A355A,administrasinya,0.462,9.0,adinamia,
addiinmedia,A355A,agamanya,0.316,8.0,adinamia,
additional,A335L,abdominal,0.632,4.0,abdominal,
addo,A300O,aco,0.571,2.0,aco,
addo,A300O,agio,0.5,2.0,aco,
addo,A300O,agogo,0.444,3.0,aco,
addo,A300O,akeo,0.5,2.0,aco,
addon,A350N,abaian,0.364,4.0,adon,
addon,A350N,aban,0.444,3.0,adon,
addon,A350N,aben,0.444,3.0,adon,
addon,A350N,abon,0.667,2.0,adon,
addon,A350N,abuabuan,0.308,6.0,adon,
addon,A350N,abuan,0.4,3.0,adon,
addon,A350N,abun,0.444,3.0,adon,
addon,A350N,abunabun,0.308,6.0,adon,
addon,A350N,acan,0.444,3.0,adon,
addon,A350N,aciacian,0.308,6.0,adon,
addon,A350N,acian,0.4,3.0,adon,
addon,A350N,acoacoan,0.462,5.0,adon,
addon,A350N,acoan,0.6,3.0,adon,
addon,A350N,acuan,0.4,3.0,adon,
addon,A350N,adan,0.667,2.0,adon,
addon,A350N,adenin,0.545,3.0,adon,
addon,A350N,adnan,0.6,2.0,adon,
addon,A350N,adon,0.889,1.0,adon,
addon,A350N,adonan,0.727,3.0,adon,
addon,A350N,aduan,0.6,2.0,adon,
addon,A350N,adun,0.667,2.0,adon,
addon,A350N,adunan,0.545,3.0,adon,
addon,A350N,agan,0.444,3.0,adon,
addon,A350N,agen,0.444,3.0,adon,
addon,A350N,agon,0.667,2.0,adon,
addon,A350N,agun,0.444,3.0,adon,
addon,A350N,agunan,0.364,4.0,adon,
addon,A350N,ajuan,0.4,3.0,adon,
addon,A350N,ajun,0.444,3.0,adon,
addon,A350N,akan,0.444,3.0,adon,
addon,A350N,akanakan,0.308,6.0,adon,
addon,A350N,akanan,0.364,4.0,adon,
address,A362S,abras,0.5,4.0,adres,
address,A362S,abrus,0.5,4.0,adres,
address,A362S,adres,0.833,2.0,adres,
address,A362S,agraris,0.429,5.0,adres,
address,A362S,agresivitas,0.556,7.0,adres,
adek,A330K,abuk,0.5,2.0,adik,
adek,A330K,abukabuk,0.333,6.0,adik,
adek,A330K,acak,0.5,2.0,adik,
adek,A330K,acakacak,0.333,6.0,adik,
adek,A330K,acik,0.5,2.0,adik,
adek,A330K,adik,0.75,1.0,adik,
adek,A330K,aduk,0.75,1.0,adik,aduk
adek,A330K,agak,0.5,2.0,adik,
adek,A330K,agakagak,0.333,6.0,adik,
adek,A330K,aguk,0.5,2.0,adik,
adek,A330K,ajak,0.5,2.0,adik,
adek,A330K,ajek,0.75,1.0,adik,ajek
adek,A330K,ajuk,0.5,2.0,adik,
adekku,A330U,abdu,0.6,4.0,adikku,
adekku,A330U,adikku,0.833,1.0,adikku,
adekku,A330U,aibku,0.545,3.0,adikku,
adekmu,A335U,adikmu,0.833,1.0,adikmu,
adekmu,A335U,ajakanmu,0.571,4.0,adikmu,
adeknya,A335A,abdinya,0.714,3.0,adiknya,
adeknya,A335A,abdomennya,0.706,4.0,adiknya,
adeknya,A335A,adatnya,0.714,2.0,adiknya,
adeknya,A335A,adegannya,0.75,3.0,adiknya,
adeknya,A335A,adiguna,0.571,4.0,adiknya,
adeknya,A335A,adikadiknya,0.667,5.0,adiknya,
adeknya,A335A,adikadiknya,0.667,5.0,adiknya,
adeknya,A335A,adiknya,0.857,1.0,adiknya,
adeknya,A335A,aditama,0.429,4.0,adiknya,
adeknya,A335A,agaknya,0.714,2.0,adiknya,
adeknya,A335A,ajaibnya,0.533,4.0,adiknya,
adeknya,A335A,ajakannya,0.625,4.0,adiknya,
adeknya,A335A,ajudannya,0.625,4.0,adiknya,
adeknya,A335A,ajukannya,0.625,4.0,adiknya,
adeknya,A335A,akademika,0.625,5.0,adiknya,
adeknya,A335A,akademiknya,0.778,4.0,adiknya,
adeknya,A335A,akademisnya,0.667,5.0,adiknya,
adeknyabekyun,A335N,abaikan,0.4,9.0,adapun,
adeknyabekyun,A335N,abdomen,0.4,10.0,adapun,
adeknyabekyun,A335N,abidin,0.316,10.0,adapun,
adeknyabekyun,A335N,acakacakan,0.261,8.0,adapun,
adeknyabekyun,A335N,acakan,0.316,9.0,adapun,
adeknyabekyun,A335N,acatan,0.211,10.0,adapun,
adeknyabekyun,A335N,acikan,0.316,9.0,adapun,
adeknyabekyun,A335N,acukan,0.316,9.0,adapun,
adeknyabekyun,A335N,adakan,0.421,8.0,adapun,
adeknyabekyun,A335N,adapadapan,0.261,9.0,adapun,
adeknyabekyun,A335N,adapan,0.316,9.0,adapun,
adeknyabekyun,A335N,adapun,0.526,8.0,adapun,
adeknyabekyun,A335N,adegan,0.421,8.0,adapun,
adeknyabekyun,A335N,adukadukan,0.348,7.0,adapun,
adeknyabekyun,A335N,adukan,0.421,8.0,adapun,
adeknyabekyun,A335N,adukkan,0.4,8.0,adapun,
adeknyabekyun,A335N,agakan,0.316,9.0,adapun,
adeknyabekyun,A335N,ajaiban,0.2,10.0,adapun,
adeknyabekyun,A335N,ajakan,0.316,9.0,adapun,
adeknyabekyun,A335N,ajudan,0.316,10.0,adapun,
adeknyabekyun,A335N,ajukan,0.316,9.0,adapun,
adeku,A330U,abdu,0.667,3.0,adikku,
adeku,A330U,adikku,0.727,2.0,adikku,
adeku,A330U,aibku,0.6,2.0,adikku,
adel,A340L,abal,0.5,2.0,adil,
adel,A340L,abalabal,0.333,6.0,adil,
adel,A340L,abul,0.5,2.0,adil,
adel,A340L,adil,0.75,1.0,adil,
adel,A340L,agal,0.5,2.0,adil,
adel,A340L,agil,0.5,2.0,adil,
adel,A340L,agul,0.5,2.0,adil,
adel,A340L,ajal,0.5,2.0,adil,
adel,A340L,akal,0.5,2.0,adil,
adel,A340L,akil,0.5,2.0,adil,
adell,A340L,abal,0.444,3.0,adil,
adell,A340L,abalabal,0.462,5.0,adil,
adell,A340L,abul,0.444,3.0,adil,
adell,A340L,adil,0.667,2.0,adil,
adell,A340L,agal,0.444,3.0,adil,
adell,A340L,agil,0.444,3.0,adil,
adell,A340L,agul,0.444,3.0,adil,
adell,A340L,ajal,0.444,3.0,adil,
adell,A340L,akal,0.444,3.0,adil,
adell,A340L,akil,0.444,3.0,adil,
ademsari,A352I,admisi,0.714,4.0,admisi,
ademsebenarnya,A352A,adenostemma,0.4,9.0,adenostemma,
ademsebenarnya,A352A,agnosia,0.286,11.0,adenostemma,
adenya,A351A,abunya,0.667,2.0,adanya,
adenya,A351A,acinya,0.667,2.0,adanya,
adenya,A351A,acuannya,0.571,4.0,adanya,
adenya,A351A,adaadanya,0.667,4.0,adanya,
adenya,A351A,adanya,0.833,1.0,adanya,
adenya,A351A,adonannya,0.667,4.0,adanya,
adenya,A351A,agenagennya,0.588,6.0,adanya,
adenya,A351A,agunannya,0.533,5.0,adanya,
adenya,A351A,agungnya,0.571,4.0,adanya,
adenya,A351A,aibnya,0.667,2.0,adanya,
adequate,A323E,abstraksionisme,0.174,12.0,abstraksionisme,
adesanya,A325A,absensia,0.5,5.0,adventisia,
adesanya,A325A,acuhnya,0.533,4.0,adventisia,
adesanya,A325A,adventisia,0.556,6.0,adventisia,
adesanya,A325A,akhimya,0.4,5.0,adventisia,
adetailnya,A334A,adakala,0.588,5.0,adakalanya,
adetailnya,A334A,adakalanya,0.7,4.0,adakalanya,
adetailnya,A334A,akapela,0.353,7.0,adakalanya,
adetailnya,A334A,akatalepsia,0.476,7.0,adakalanya,
adeuh,A320H,abah,0.444,3.0,adeh,
adeuh,A320H,abahabah,0.308,6.0,adeh,
adeuh,A320H,abuh,0.667,2.0,adeh,
adeuh,A320H,acah,0.444,3.0,adeh,
adeuh,A320H,aceh,0.667,2.0,adeh,
adeuh,A320H,acuh,0.667,2.0,adeh,
adeuh,A320H,adahah,0.545,3.0,adeh,
adeuh,A320H,adeh,0.889,1.0,adeh,
adeuh,A320H,aduh,0.889,1.0,adeh,aduh
adeuh,A320H,agah,0.444,3.0,adeh,
adeuh,A320H,agih,0.444,3.0,adeh,
adeuh,A320H,agihagih,0.308,6.0,adeh,
adeuh,A320H,ajeh,0.667,2.0,adeh,
adeuh,A320H,ajujah,0.545,4.0,adeh,
adeuh,A320H,akikah,0.364,4.0,adeh,
adeyyapa,A313A,ajiwaka,0.4,5.0,ajiwaka,
adhanom,A325M,adiasam,0.571,3.0,adiasam,
adhi,A320I,absisi,0.4,4.0,aduhai,
adhi,A320I,adisi,0.667,2.0,aduhai,
adhi,A320I,aduhai,0.8,2.0,aduhai,
adhiemassardi,A325I,absensi,0.2,9.0,absensi,
adian,A350N,abaian,0.727,2.0,adan,
adian,A350N,aban,0.667,2.0,adan,
adian,A350N,aben,0.444,3.0,adan,
adian,A350N,abon,0.444,3.0,adan,
adian,A350N,abuabuan,0.462,5.0,adan,
adian,A350N,abuan,0.6,2.0,adan,
adian,A350N,abun,0.444,3.0,adan,
adian,A350N,abunabun,0.462,5.0,adan,
adian,A350N,acan,0.667,2.0,adan,
adian,A350N,aciacian,0.615,4.0,adan,
adian,A350N,acian,0.8,1.0,adan,
adian,A350N,acoacoan,0.462,5.0,adan,
adian,A350N,acoan,0.6,2.0,adan,
adian,A350N,acuan,0.6,2.0,adan,
adian,A350N,adan,0.889,1.0,adan,
adian,A350N,adenin,0.727,3.0,adan,
adian,A350N,adnan,0.8,1.0,adan,
adian,A350N,adon,0.667,2.0,adan,
adian,A350N,adonan,0.727,2.0,adan,
adian,A350N,aduan,0.8,1.0,adan,
adian,A350N,adun,0.667,2.0,adan,
adian,A350N,adunan,0.727,2.0,adan,
adian,A350N,agan,0.667,2.0,adan,
adian,A350N,agen,0.444,3.0,adan,
adian,A350N,agon,0.444,3.0,adan,
adian,A350N,agun,0.444,3.0,adan,
adian,A350N,agunan,0.545,3.0,adan,
adian,A350N,ajuan,0.6,2.0,adan,
adian,A350N,ajun,0.444,3.0,adan,
adian,A350N,akan,0.667,2.0,adan,
adian,A350N,akanakan,0.462,5.0,adan,
adian,A350N,akanan,0.545,3.0,adan,
adiannapitupulu,A353U,abangmu,0.364,11.0,adindaku,
adiannapitupulu,A353U,adindaku,0.435,9.0,adindaku,
adiannapitupulu,A353U,agamaku,0.364,11.0,adindaku,
adiannapitupuluadian,A353N,abangan,0.37,15.0,abangan,
adiannapitupuluadian,A353N,acungkan,0.214,16.0,abangan,
adiannapitupuluadian,A353N,agungkan,0.214,16.0,abangan,
adiannapitupuluadian,A353N,ajengan,0.222,16.0,abangan,
adiannapitupuluadian,A353N,ajungan,0.222,16.0,abangan,
adidas,A320S,abas,0.6,3.0,adas,
adidas,A320S,abis,0.6,3.0,adas,
adidas,A320S,abses,0.364,4.0,adas,
adidas,A320S,absis,0.545,4.0,adas,
adidas,A320S,abus,0.4,4.0,adas,
adidas,A320S,adas,0.8,2.0,adas,
adidas,A320S,aedes,0.545,3.0,adas,
adidas,A320S,agas,0.6,3.0,adas,
adidas,A320S,agus,0.4,4.0,adas,
adidas,A320S,akas,0.6,3.0,adas,
adie,A300E,ade,0.857,1.0,ade,
adiep,A330P,acap,0.444,3.0,adap,
adiep,A330P,acapacap,0.308,6.0,adap,
adiep,A330P,adap,0.667,2.0,adap,
adiitoo,A330O,adagio,0.615,4.0,adagio,
adilberarti,A343I,aglutinasi,0.381,8.0,aglutinasi,
adilmenurut,A345T,aglomerat,0.6,6.0,aglomerat,
adimazadi,A352I,admisi,0.533,5.0,admisi,
adindakuh,A353H,agungkanlah,0.4,7.0,agungkanlah,
adindakuhtugas,A353S,admitans,0.455,10.0,akantus,
adindakuhtugas,A353S,akantus,0.476,9.0,akantus,
adindasoraya,A352A,adenostemma,0.348,7.0,adenostemma,
adindasoraya,A352A,agnosia,0.316,8.0,adenostemma,
adipatirafiki,A333I,abdikasi,0.476,9.0,adipati,
adipatirafiki,A333I,abduksi,0.3,11.0,adipati,
adipatirafiki,A333I,acapkali,0.19,9.0,adipati,
adipatirafiki,A333I,adaptasi,0.286,7.0,adipati,
adipatirafiki,A333I,adipati,0.7,6.0,adipati,
adiprasojopr,A336R,abatoar,0.211,8.0,agitator,
adiprasojopr,A336R,abtar,0.235,9.0,agitator,
adiprasojopr,A336R,abubakar,0.2,9.0,agitator,
adiprasojopr,A336R,agitator,0.3,7.0,agitator,
adiprasojopr,A336R,akbar,0.235,9.0,agitator,
adistri,A323I,abstinensi,0.471,7.0,abstraksi,
adistri,A323I,abstraksi,0.625,5.0,abstraksi,
adistri,A323I,adveksi,0.429,4.0,abstraksi,
adistri,A323I,advokasi,0.4,5.0,abstraksi,
adjgmvtqbales,A333S,adaptabilitas,0.462,9.0,adaptabilitas,
adjgmvtqbales,A333S,adiabatis,0.455,8.0,adaptabilitas,
adji,A330I,abadi,0.667,3.0,abdi,
adji,A330I,abdi,0.75,2.0,abdi,
adji,A330I,adaibadai,0.462,6.0,abdi,
adji,A330I,adati,0.667,2.0,abdi,
adjiksaenjaberdikari,A333I,abdikasi,0.5,13.0,abdikasi,
adjiksaenjaberdikari,A333I,abduksi,0.37,15.0,abdikasi,
adjiksaenjaberdikari,A333I,acapkali,0.357,15.0,abdikasi,
adjiksaenjaberdikari,A333I,adaptasi,0.214,15.0,abdikasi,
adjiksaenjaberdikari,A333I,adipati,0.37,15.0,abdikasi,
adl,A340L,abal,0.571,2.0,adil,
adl,A340L,abalabal,0.364,6.0,adil,
adl,A340L,abul,0.571,2.0,adil,
adl,A340L,adil,0.857,1.0,adil,
adl,A340L,agal,0.571,2.0,adil,
adl,A340L,agil,0.571,2.0,adil,
adl,A340L,agul,0.571,2.0,adil,
adl,A340L,ajal,0.571,2.0,adil,
adl,A340L,akal,0.571,2.0,adil,
adl,A340L,akil,0.571,2.0,adil,
adlah,A342H,abilah,0.727,2.0,adalah,
adlah,A342H,adalah,0.909,1.0,adalah,
adlah,A342H,adillah,0.833,2.0,adalah,
adlah,A342H,akalilah,0.615,4.0,adalah,
adlah,A342H,akliah,0.727,2.0,adalah,
adlh,A342H,abilah,0.6,3.0,adalah,
adlh,A342H,adalah,0.8,2.0,adalah,
adlh,A342H,adillah,0.727,3.0,adalah,
adlh,A342H,akalilah,0.5,5.0,adalah,
adlh,A342H,akliah,0.6,3.0,adalah,
adm,A350M,acum,0.571,2.0,adam,
adm,A350M,adam,0.857,1.0,adam,
adm,A350M,adem,0.857,1.0,adam,adem
adm,A350M,agam,0.571,2.0,adam,
admin,A355N,abonemen,0.462,5.0,acuman,
admin,A355N,acuman,0.545,3.0,acuman,
admin,A355N,agamen,0.545,3.0,acuman,agamen
administration,A355N,abonemen,0.273,11.0,acuman,
administration,A355N,acuman,0.3,11.0,acuman,
administration,A355N,agamen,0.3,11.0,acuman,agamen
adminkalau,A355U,adonanmu,0.444,5.0,adonanmu,
adminnya,A355A,abaimana,0.5,5.0,administrasinya,
adminnya,A355A,adenoma,0.533,4.0,administrasinya,
adminnya,A355A,adinamia,0.625,4.0,administrasinya,
adminnya,A355A,administrasinya,0.696,7.0,administrasinya,
adminnya,A355A,agamanya,0.625,4.0,administrasinya,
admintajur,A355R,administrator,0.696,5.0,administratur,
admintajur,A355R,administratur,0.783,4.0,administratur,
admit,A353T,agamet,0.545,3.0,agamet,
admit,A353T,akinet,0.545,4.0,agamet,akinet
admkdsqkali,A353I,ajnabi,0.353,8.0,akomodasi,
admkdsqkali,A353I,akomodasi,0.4,7.0,akomodasi,
adnankanedi,A353I,ajnabi,0.471,7.0,ajnabi,
adnankanedi,A353I,akomodasi,0.4,8.0,ajnabi,
adnanpurichta,A353A,abangga,0.4,9.0,agendanya,
adnanpurichta,A353A,abangnya,0.381,9.0,agendanya,
adnanpurichta,A353A,agenda,0.316,10.0,agendanya,
adnanpurichta,A353A,agendanya,0.455,10.0,agendanya,
adnanpurichta,A353A,akomodasinya,0.32,10.0,agendanya,
adnhsn,A352N,adenosin,0.714,3.0,adenosin,
adnhsnwaduh,A352H,akankah,0.333,7.0,akankah,
ado,A300O,aco,0.667,1.0,aco,
ado,A300O,agio,0.571,2.0,aco,
ado,A300O,agogo,0.5,3.0,aco,
ado,A300O,akeo,0.571,2.0,aco,
adobe,A330E,abate,0.6,3.0,abate,
adobe,A330E,abece,0.6,3.0,abate,abece
adobe,A330E,agape,0.4,3.0,abate,
adoh,A320H,abah,0.5,2.0,adeh,
adoh,A320H,abahabah,0.333,6.0,adeh,
adoh,A320H,abuh,0.5,2.0,adeh,
adoh,A320H,acah,0.5,2.0,adeh,
adoh,A320H,aceh,0.5,2.0,adeh,
adoh,A320H,acuh,0.5,2.0,adeh,
adoh,A320H,adahah,0.6,3.0,adeh,
adoh,A320H,adeh,0.75,1.0,adeh,
adoh,A320H,aduh,0.75,1.0,adeh,aduh
adoh,A320H,agah,0.5,2.0,adeh,
adoh,A320H,agih,0.5,2.0,adeh,
adoh,A320H,agihagih,0.333,6.0,adeh,
adoh,A320H,ajeh,0.5,2.0,adeh,
adoh,A320H,ajujah,0.4,4.0,adeh,
adoh,A320H,akikah,0.4,4.0,adeh,
adohengga,A325A,absensia,0.471,5.0,adventisia,
adohengga,A325A,acuhnya,0.5,5.0,adventisia,
adohengga,A325A,adventisia,0.526,6.0,adventisia,
adohengga,A325A,akhimya,0.375,6.0,adventisia,
adohhhhh,A320H,abah,0.333,6.0,adahah,
adohhhhh,A320H,abahabah,0.375,5.0,adahah,
adohhhhh,A320H,abuh,0.333,6.0,adahah,
adohhhhh,A320H,acah,0.333,6.0,adahah,
adohhhhh,A320H,aceh,0.333,6.0,adahah,
adohhhhh,A320H,acuh,0.333,6.0,adahah,
adohhhhh,A320H,adahah,0.571,4.0,adahah,
adohhhhh,A320H,adeh,0.5,5.0,adahah,
adohhhhh,A320H,aduh,0.5,5.0,adahah,
adohhhhh,A320H,agah,0.333,6.0,adahah,
adohhhhh,A320H,agih,0.333,6.0,adahah,
adohhhhh,A320H,agihagih,0.375,5.0,adahah,
adohhhhh,A320H,ajeh,0.333,6.0,adahah,
adohhhhh,A320H,ajujah,0.286,6.0,adahah,
adohhhhh,A320H,akikah,0.286,6.0,adahah,
adohmangga,A325A,absensia,0.222,7.0,akhimya,
adohmangga,A325A,acuhnya,0.353,6.0,akhimya,
adohmangga,A325A,adventisia,0.3,7.0,akhimya,
adohmangga,A325A,akhimya,0.471,7.0,akhimya,
adohngat,A325T,advent,0.571,4.0,advent,
adolescent,A342T,abulhayat,0.316,7.0,abulhayat,
adopsiboleh,A332H,abadiah,0.444,8.0,abadiah,
adopsiboleh,A332H,abduh,0.375,8.0,abadiah,
adopsiboleh,A332H,adabiah,0.444,7.0,abadiah,
adopsiboleh,A332H,adakah,0.353,8.0,abadiah,
adopsiboleh,A332H,agakagih,0.316,9.0,abadiah,
adopsiboleh,A332H,akidah,0.353,8.0,abadiah,
adopted,A333D,abjad,0.333,5.0,abjad,
adp,A330P,acap,0.571,2.0,adap,
adp,A330P,acapacap,0.364,6.0,adap,
adp,A330P,adap,0.857,1.0,adap,
adpbawa,A333A,adiboga,0.571,3.0,adiboga,
adpbawa,A333A,adicita,0.429,4.0,adiboga,
adpbawa,A333A,adjektiva,0.375,6.0,adiboga,
adpbawa,A333A,akibatnya,0.5,5.0,adiboga,
adpgini,A333I,abdikasi,0.533,5.0,adipati,
adpgini,A333I,abduksi,0.429,5.0,adipati,
adpgini,A333I,acapkali,0.4,5.0,adipati,
adpgini,A333I,adaptasi,0.533,4.0,adipati,
adpgini,A333I,adipati,0.571,4.0,adipati,
adpjaman,A333N,abadikan,0.5,5.0,abadikan,
adpjaman,A333N,akibatkan,0.471,5.0,abadikan,
adpnaah,A335H,adakanlah,0.625,4.0,adakanlah,
adpperbuatan,A336N,abdurrahman,0.522,8.0,abdurrahman,
adpperbuatan,A336N,abiturien,0.286,9.0,abdurrahman,
adpsaya,A332A,adatistiadatnya,0.545,9.0,adiposa,
adpsaya,A332A,adibusana,0.625,4.0,adiposa,
adpsaya,A332A,adikuasa,0.533,4.0,adiposa,
adpsaya,A332A,adiposa,0.714,4.0,adiposa,
adptraveloka,A333A,adiboga,0.316,8.0,adicita,
adptraveloka,A333A,adicita,0.421,9.0,adicita,
adptraveloka,A333A,adjektiva,0.381,9.0,adicita,
adptraveloka,A333A,akibatnya,0.286,9.0,adicita,
adr,A360R,abar,0.571,2.0,adar,
adr,A360R,abarabar,0.364,6.0,adar,
adr,A360R,abrar,0.5,3.0,adar,
adr,A360R,abur,0.571,2.0,adar,
adr,A360R,acar,0.571,2.0,adar,
adr,A360R,adar,0.857,1.0,adar,
adr,A360R,agar,0.571,2.0,adar,
adr,A360R,agaragar,0.364,6.0,adar,
adr,A360R,ajar,0.571,2.0,adar,
adr,A360R,ajarajar,0.364,6.0,adar,
adr,A360R,ajir,0.571,2.0,adar,
adr,A360R,ajur,0.571,2.0,adar,
adr,A360R,akar,0.571,2.0,adar,
adr,A360R,akarakar,0.364,6.0,adar,
adr,A360R,akor,0.571,2.0,adar,
adrea,A360A,acara,0.6,3.0,acara,
adrea,A360A,agiria,0.545,3.0,acara,
adrea,A360A,agraria,0.5,4.0,acara,
adria,A360A,acara,0.6,3.0,agiria,
adria,A360A,agiria,0.727,2.0,agiria,
adria,A360A,agraria,0.667,3.0,agiria,
adrian,A365N,abaran,0.667,3.0,adermin,
adrian,A365N,abrin,0.727,2.0,adermin,
adrian,A365N,adermin,0.769,3.0,adermin,
adrian,A365N,adrenalin,0.667,4.0,adermin,
adrian,A365N,adrenodoksin,0.556,8.0,adermin,
adrian,A365N,ajaran,0.667,3.0,adermin,
adrian,A365N,ajaranajaran,0.444,8.0,adermin,
adrian,A365N,akarakaran,0.5,6.0,adermin,
adrian,A365N,akaran,0.667,3.0,adermin,
adrian,A365N,akromatin,0.533,5.0,adermin,
adrian,A365N,akromion,0.571,4.0,adermin,
ads,A320S,abas,0.571,2.0,adas,
ads,A320S,abis,0.571,2.0,adas,
ads,A320S,abses,0.5,3.0,adas,
ads,A320S,absis,0.5,3.0,adas,
ads,A320S,abus,0.571,2.0,adas,
ads,A320S,adas,0.857,1.0,adas,
ads,A320S,aedes,0.75,2.0,adas,
ads,A320S,agas,0.571,2.0,adas,
ads,A320S,agus,0.571,2.0,adas,
ads,A320S,akas,0.571,2.0,adas,
adsense,A325E,absente,0.714,2.0,absente,
adsense,A325E,absenteisme,0.667,5.0,absente,
adsolsublimtxxi,A324I,absolusi,0.522,9.0,absolusi,
adsolsublimtxxi,A324I,akhlaki,0.273,12.0,absolusi,
adududu,A300U,abau,0.364,5.0,adu,
adududu,A300U,abu,0.4,5.0,adu,
adududu,A300U,abuabu,0.462,4.0,adu,
adududu,A300U,acau,0.364,5.0,adu,
adududu,A300U,acu,0.4,5.0,adu,
adududu,A300U,adu,0.6,4.0,adu,
adududu,A300U,aiku,0.364,5.0,adu,
adududu,A300U,aju,0.4,5.0,adu,
adudududu,A300U,abau,0.308,7.0,adu,
adudududu,A300U,abu,0.333,7.0,adu,
adudududu,A300U,abuabu,0.4,6.0,adu,
adudududu,A300U,acau,0.308,7.0,adu,
adudududu,A300U,acu,0.333,7.0,adu,
adudududu,A300U,adu,0.5,6.0,adu,
adudududu,A300U,aiku,0.308,7.0,adu,
adudududu,A300U,aju,0.333,7.0,adu,
aduhh,A320H,abah,0.444,3.0,aduh,
aduhh,A320H,abahabah,0.462,5.0,aduh,
aduhh,A320H,abuh,0.667,2.0,aduh,
aduhh,A320H,acah,0.444,3.0,aduh,
aduhh,A320H,aceh,0.444,3.0,aduh,
aduhh,A320H,acuh,0.667,2.0,aduh,
aduhh,A320H,adahah,0.727,2.0,aduh,
aduhh,A320H,adeh,0.667,2.0,aduh,
aduhh,A320H,aduh,0.889,1.0,aduh,
aduhh,A320H,agah,0.444,3.0,aduh,
aduhh,A320H,agih,0.444,3.0,aduh,
aduhh,A320H,agihagih,0.462,5.0,aduh,
aduhh,A320H,ajeh,0.444,3.0,aduh,
aduhh,A320H,ajujah,0.545,3.0,aduh,
aduhh,A320H,akikah,0.364,4.0,aduh,
aduhhh,A320H,abah,0.4,4.0,aduh,
aduhhh,A320H,abahabah,0.429,5.0,aduh,
aduhhh,A320H,abuh,0.6,3.0,aduh,
aduhhh,A320H,acah,0.4,4.0,aduh,
aduhhh,A320H,aceh,0.4,4.0,aduh,
aduhhh,A320H,acuh,0.6,3.0,aduh,
aduhhh,A320H,adahah,0.667,2.0,aduh,
aduhhh,A320H,adeh,0.6,3.0,aduh,
aduhhh,A320H,aduh,0.8,2.0,aduh,
aduhhh,A320H,agah,0.4,4.0,aduh,
aduhhh,A320H,agih,0.4,4.0,aduh,
aduhhh,A320H,agihagih,0.429,5.0,aduh,
aduhhh,A320H,ajeh,0.4,4.0,aduh,
aduhhh,A320H,ajujah,0.5,3.0,aduh,
aduhhh,A320H,akikah,0.333,4.0,aduh,
aduhsekolah,A322H,absah,0.5,7.0,absah,
aduin,A350N,abaian,0.545,3.0,adun,
aduin,A350N,aban,0.444,3.0,adun,
aduin,A350N,aben,0.444,3.0,adun,
aduin,A350N,abon,0.444,3.0,adun,
aduin,A350N,abuabuan,0.462,5.0,adun,
aduin,A350N,abuan,0.6,2.0,adun,
aduin,A350N,abun,0.667,2.0,adun,
aduin,A350N,abunabun,0.462,5.0,adun,
aduin,A350N,acan,0.444,3.0,adun,
aduin,A350N,aciacian,0.462,5.0,adun,
aduin,A350N,acian,0.6,3.0,adun,
aduin,A350N,acoacoan,0.308,6.0,adun,
aduin,A350N,acoan,0.4,3.0,adun,
aduin,A350N,acuan,0.6,2.0,adun,
aduin,A350N,adan,0.667,2.0,adun,
aduin,A350N,adenin,0.727,2.0,adun,
aduin,A350N,adnan,0.6,2.0,adun,
aduin,A350N,adon,0.667,2.0,adun,
aduin,A350N,adonan,0.545,3.0,adun,
aduin,A350N,aduan,0.8,1.0,adun,
aduin,A350N,adun,0.889,1.0,adun,
aduin,A350N,adunan,0.727,2.0,adun,
aduin,A350N,agan,0.444,3.0,adun,
aduin,A350N,agen,0.444,3.0,adun,
aduin,A350N,agon,0.444,3.0,adun,
aduin,A350N,agun,0.667,2.0,adun,
aduin,A350N,agunan,0.545,3.0,adun,
aduin,A350N,ajuan,0.6,2.0,adun,
aduin,A350N,ajun,0.667,2.0,adun,
aduin,A350N,akan,0.444,3.0,adun,
aduin,A350N,akanakan,0.308,6.0,adun,
aduin,A350N,akanan,0.364,4.0,adun,
adul,A340L,abal,0.5,2.0,abul,
adul,A340L,abalabal,0.333,6.0,abul,
adul,A340L,abul,0.75,1.0,abul,
adul,A340L,adil,0.75,1.0,abul,adil
adul,A340L,agal,0.5,2.0,abul,
adul,A340L,agil,0.5,2.0,abul,
adul,A340L,agul,0.75,1.0,abul,agul
adul,A340L,ajal,0.5,2.0,abul,
adul,A340L,akal,0.5,2.0,abul,
adul,A340L,akil,0.5,2.0,abul,
aduoh,A320H,abah,0.444,3.0,aduh,
aduoh,A320H,abahabah,0.308,6.0,aduh,
aduoh,A320H,abuh,0.667,2.0,aduh,
aduoh,A320H,acah,0.444,3.0,aduh,
aduoh,A320H,aceh,0.444,3.0,aduh,
aduoh,A320H,acuh,0.667,2.0,aduh,
aduoh,A320H,adahah,0.545,3.0,aduh,
aduoh,A320H,adeh,0.667,2.0,aduh,
aduoh,A320H,aduh,0.889,1.0,aduh,
aduoh,A320H,agah,0.444,3.0,aduh,
aduoh,A320H,agih,0.444,3.0,aduh,
aduoh,A320H,agihagih,0.308,6.0,aduh,
aduoh,A320H,ajeh,0.444,3.0,aduh,
aduoh,A320H,ajujah,0.545,3.0,aduh,
aduoh,A320H,akikah,0.364,4.0,aduh,
aduohminggat,A325T,advent,0.444,8.0,advent,
aduu,A300U,abau,0.5,2.0,adu,
aduu,A300U,abu,0.571,2.0,adu,
aduu,A300U,abuabu,0.6,3.0,adu,
aduu,A300U,acau,0.5,2.0,adu,
aduu,A300U,acu,0.571,2.0,adu,
aduu,A300U,adu,0.857,1.0,adu,
aduu,A300U,aiku,0.5,2.0,adu,
aduu,A300U,aju,0.571,2.0,adu,
advan,A325N,absen,0.4,3.0,adven,
advan,A325N,absonan,0.5,4.0,adven,
advan,A325N,abuhabuhan,0.4,7.0,adven,
advan,A325N,abuhan,0.545,3.0,adven,
advan,A325N,acuhan,0.545,3.0,adven,
advan,A325N,adven,0.8,1.0,adven,
advan,A325N,agihan,0.545,3.0,adven,
advan,A325N,ajufan,0.545,3.0,adven,
advania,A325A,absensia,0.533,4.0,adventisia,
advania,A325A,acuhnya,0.286,4.0,adventisia,
advania,A325A,adventisia,0.706,4.0,adventisia,
advania,A325A,akhimya,0.286,5.0,adventisia,
advantage,A325E,absente,0.5,5.0,absente,
advantage,A325E,absenteisme,0.4,7.0,absente,
adventure,A325E,absente,0.625,4.0,absente,
adventure,A325E,absenteisme,0.5,6.0,absente,
advert,A326T,absorbat,0.429,5.0,akherat,
advert,A326T,adsorbat,0.571,4.0,akherat,
advert,A326T,akherat,0.615,3.0,akherat,
advert,A326T,akhirat,0.462,4.0,akherat,
advertisement,A326T,absorbat,0.286,10.0,akherat,
advertisement,A326T,adsorbat,0.381,9.0,akherat,
advertisement,A326T,akherat,0.4,9.0,akherat,
advertisement,A326T,akhirat,0.3,10.0,akherat,
advgxkzqberikut,A323T,absit,0.4,11.0,advokat,
advgxkzqberikut,A323T,advokat,0.455,10.0,advokat,
advice,A323E,abstraksionisme,0.286,12.0,abstraksionisme,
advmieual,A325L,adisional,0.556,4.0,adisional,
advmieualterima,A325A,absensia,0.261,11.0,adventisia,
advmieualterima,A325A,acuhnya,0.273,12.0,adventisia,
advmieualterima,A325A,adventisia,0.4,8.0,adventisia,
advmieualterima,A325A,akhimya,0.364,12.0,adventisia,
advokasinya,A323A,abiseka,0.333,8.0,abiseka,
advokator,A323R,adihablur,0.444,6.0,akhbar,
advokator,A323R,ajuster,0.375,6.0,akhbar,
advokator,A323R,akhbar,0.533,6.0,akhbar,
adxokvyt,A323T,absit,0.308,6.0,advokat,
adxokvyt,A323T,advokat,0.667,3.0,advokat,
adxokvytbagaimana,A323A,abiseka,0.25,13.0,abiseka,
adzan,A325N,absen,0.4,3.0,adven,
adzan,A325N,absonan,0.5,4.0,adven,
adzan,A325N,abuhabuhan,0.4,7.0,adven,
adzan,A325N,abuhan,0.545,3.0,adven,
adzan,A325N,acuhan,0.545,3.0,adven,
adzan,A325N,adven,0.6,2.0,adven,
adzan,A325N,agihan,0.545,3.0,adven,
adzan,A325N,ajufan,0.545,3.0,adven,
adzanin,A325N,absen,0.333,5.0,adven,
adzanin,A325N,absonan,0.429,4.0,adven,
adzanin,A325N,abuhabuhan,0.353,7.0,adven,
adzanin,A325N,abuhan,0.462,5.0,adven,
adzanin,A325N,acuhan,0.462,5.0,adven,
adzanin,A325N,adven,0.5,4.0,adven,
adzanin,A325N,agihan,0.462,5.0,adven,
adzanin,A325N,ajufan,0.462,5.0,adven,
adzi,A320I,absisi,0.4,4.0,adisi,
adzi,A320I,adisi,0.667,2.0,adisi,
adzi,A320I,aduhai,0.6,3.0,adisi,
adziim,A325M,adiasam,0.615,4.0,adiasam,
adzim,A325M,adiasam,0.667,4.0,adiasam,
adzin,A325N,absen,0.4,3.0,adven,
adzin,A325N,absonan,0.333,5.0,adven,
adzin,A325N,abuhabuhan,0.267,8.0,adven,
adzin,A325N,abuhan,0.364,4.0,adven,
adzin,A325N,acuhan,0.364,4.0,adven,
adzin,A325N,adven,0.6,2.0,adven,
adzin,A325N,agihan,0.545,4.0,adven,
adzin,A325N,ajufan,0.364,4.0,adven,
aecepat,A333T,adekuat,0.571,4.0,adekuat,
aecepat,A333T,adiabat,0.429,4.0,adekuat,
aecepat,A333T,adibibit,0.267,6.0,adekuat,
aecepat,A333T,adpokat,0.571,4.0,adekuat,adpokat
aecepat,A333T,akibat,0.462,4.0,adekuat,
aeebcgmhppemerintah,A333H,abjadiah,0.37,14.0,ajaibkhanah,
aeebcgmhppemerintah,A333H,aditokoh,0.148,17.0,ajaibkhanah,
aeebcgmhppemerintah,A333H,ajaibkhanah,0.4,14.0,ajaibkhanah,
aegananya,A351A,abunya,0.533,5.0,agunannya,
aegananya,A351A,acinya,0.533,5.0,agunannya,
aegananya,A351A,acuannya,0.706,3.0,agunannya,
aegananya,A351A,adaadanya,0.667,3.0,agunannya,
aegananya,A351A,adanya,0.667,4.0,agunannya,
aegananya,A351A,adonannya,0.667,4.0,agunannya,
aegananya,A351A,agenagennya,0.7,5.0,agunannya,
aegananya,A351A,agunannya,0.778,3.0,agunannya,
aegananya,A351A,agungnya,0.706,3.0,agunannya,
aegananya,A351A,aibnya,0.533,5.0,agunannya,
aegausah,A322H,absah,0.615,4.0,absah,
aejancok,A353K,adenotropik,0.526,7.0,adenotropik,
aejbfrdzr,A332R,adjuster,0.353,6.0,adjuster,
aeko,A300O,aco,0.571,2.0,akeo,
aeko,A300O,agio,0.5,2.0,akeo,
aeko,A300O,agogo,0.444,3.0,akeo,
aeko,A300O,akeo,0.75,2.0,akeo,
aeon,A500N,ain,0.571,2.0,ain,
aepegi,A330I,abadi,0.364,4.0,abdi,
aepegi,A330I,abdi,0.4,4.0,abdi,
aepegi,A330I,adaibadai,0.267,7.0,abdi,
aepegi,A330I,adati,0.364,4.0,abdi,
aer,A600R,air,0.667,1.0,air,
aeterima,A365A,acaranya,0.375,6.0,agromania,
aeterima,A365A,agromania,0.471,7.0,agromania,
aeterima,A365A,ajarannya,0.353,7.0,agromania,
aeterima,A365A,akarnya,0.4,5.0,agromania,
aeterima,A365A,akromatoplasma,0.364,10.0,agromania,
aetxtkdyuk,A323K,abstrak,0.353,7.0,abstrak,
affair,A260R,afair,0.909,1.0,afair,
afgan,A235N,afganistan,0.667,5.0,afganistan,
afgan,A235N,ahkan,0.6,2.0,afganistan,
aflah,A242H,ahlusunah,0.286,5.0,ahlusunah,
africa,A263A,afrika,0.833,1.0,afrika,
afterdark,A236K,afdruk,0.533,5.0,afdruk,
aftkryxt,A233T,afektit,0.533,4.0,afektit,
aftkryxt,A233T,ahadiat,0.267,6.0,afektit,
aftkryxtglobal,A233L,afektifemosional,0.4,10.0,afektifemosional,
aga,A300A,aba,0.667,1.0,aba,
aga,A300A,abaaba,0.444,4.0,aba,
aga,A300A,ada,0.667,1.0,aba,ada
aga,A300A,aja,0.667,1.0,aba,aja
agai,A300I,abai,0.75,1.0,abai,
agai,A300I,abi,0.571,2.0,abai,
agai,A300I,aboi,0.5,2.0,abai,
agai,A300I,aci,0.571,2.0,abai,
agai,A300I,aciaci,0.6,3.0,abai,
agai,A300I,adi,0.571,2.0,abai,
agai,A300I,aji,0.571,2.0,abai,
agai,A300I,ajiaji,0.6,3.0,abai,
agai,A300I,aki,0.571,2.0,abai,
agai,A300I,akiaki,0.6,3.0,abai,
again,A350N,abaian,0.727,2.0,agan,
again,A350N,aban,0.667,2.0,agan,
again,A350N,aben,0.444,3.0,agan,
again,A350N,abon,0.444,3.0,agan,
again,A350N,abuabuan,0.462,5.0,agan,
again,A350N,abuan,0.6,3.0,agan,
again,A350N,abun,0.444,3.0,agan,
again,A350N,abunabun,0.462,5.0,agan,
again,A350N,acan,0.667,2.0,agan,
again,A350N,aciacian,0.615,4.0,agan,
again,A350N,acian,0.6,3.0,agan,
again,A350N,acoacoan,0.462,5.0,agan,
again,A350N,acoan,0.6,3.0,agan,
again,A350N,acuan,0.6,3.0,agan,
again,A350N,adan,0.667,2.0,agan,
again,A350N,adenin,0.545,3.0,agan,
again,A350N,adnan,0.6,3.0,agan,
again,A350N,adon,0.444,3.0,agan,
again,A350N,adonan,0.545,4.0,agan,
again,A350N,aduan,0.6,3.0,agan,
again,A350N,adun,0.444,3.0,agan,
again,A350N,adunan,0.545,4.0,agan,
again,A350N,agan,0.889,1.0,agan,
again,A350N,agen,0.667,2.0,agan,
again,A350N,agon,0.667,2.0,agan,
again,A350N,agun,0.667,2.0,agan,
again,A350N,agunan,0.727,3.0,agan,
again,A350N,ajuan,0.6,3.0,agan,
again,A350N,ajun,0.444,3.0,agan,
again,A350N,akan,0.667,2.0,agan,
again,A350N,akanakan,0.462,5.0,agan,
again,A350N,akanan,0.545,3.0,agan,
againaku,A353U,abangmu,0.4,4.0,agamaku,
againaku,A353U,adindaku,0.75,3.0,agamaku,
againaku,A353U,agamaku,0.8,2.0,agamaku,
againiya,A351A,abunya,0.571,4.0,acinya,
againiya,A351A,acinya,0.714,3.0,acinya,
againiya,A351A,acuannya,0.625,4.0,acinya,
againiya,A351A,adaadanya,0.588,5.0,acinya,
againiya,A351A,adanya,0.714,3.0,acinya,adanya
againiya,A351A,adonannya,0.588,5.0,acinya,
againiya,A351A,agenagennya,0.632,5.0,acinya,
againiya,A351A,agunannya,0.706,4.0,acinya,
againiya,A351A,agungnya,0.625,4.0,acinya,
againiya,A351A,aibnya,0.714,4.0,acinya,aibnya
againtscorona,A353A,abangga,0.3,9.0,agendanya,
againtscorona,A353A,abangnya,0.286,9.0,agendanya,
againtscorona,A353A,agenda,0.316,9.0,agendanya,
againtscorona,A353A,agendanya,0.455,9.0,agendanya,
againtscorona,A353A,akomodasinya,0.4,11.0,agendanya,
agakarebaa,A336A,adikara,0.588,5.0,adikara,
agakarebaa,A336A,adikarya,0.556,5.0,adikara,
agakarebaa,A336A,adipura,0.235,7.0,adikara,
agamabuddha,A353A,abangga,0.333,8.0,agendanya,
agamabuddha,A353A,abangnya,0.316,8.0,agendanya,
agamabuddha,A353A,agenda,0.353,7.0,agendanya,
agamabuddha,A353A,agendanya,0.4,8.0,agendanya,
agamabuddha,A353A,akomodasinya,0.261,9.0,agendanya,
agara,A360A,acara,0.8,1.0,agraria,
agara,A360A,agiria,0.545,2.0,agraria,
agara,A360A,agraria,0.833,2.0,agraria,
agarrakyatwaspada,A363A,abortiva,0.16,13.0,abrakadabra,
agarrakyatwaspada,A363A,abrakadabra,0.5,10.0,abrakadabra,
agarrakyatwaspada,A363A,adiraja,0.333,13.0,abrakadabra,
agarrakyatwaspada,A363A,adiratna,0.32,12.0,abrakadabra,
agarrakyatwaspada,A363A,agripnia,0.24,12.0,abrakadabra,
agarrakyatwaspada,A363A,agrokimia,0.231,12.0,abrakadabra,
agarrakyatwaspada,A363A,ajarkannya,0.444,11.0,abrakadabra,
agarrakyatwaspada,A363A,akrabnya,0.4,13.0,abrakadabra,
agarresi,A362I,aberasi,0.533,4.0,agresi,
agarresi,A362I,aborsi,0.571,4.0,agresi,
agarresi,A362I,abrasi,0.571,4.0,agresi,
agarresi,A362I,abreviasi,0.588,6.0,agresi,
agarresi,A362I,agregasi,0.75,4.0,agresi,
agarresi,A362I,agresi,0.857,2.0,agresi,
agarresi,A362I,agrostologi,0.526,8.0,agresi,
agata,A330A,abaka,0.6,2.0,abaka,
agata,A330A,adika,0.4,3.0,abaka,
agc,A330C,abc,0.667,1.0,abc,
age,A300E,ade,0.667,1.0,ade,
aged,A330D,abad,0.5,2.0,abad,
aged,A330D,abid,0.5,2.0,abad,abid
aged,A330D,akad,0.5,2.0,abad,akad
aged,A330D,akaid,0.444,3.0,abad,
agenasuransi,A352I,admisi,0.333,9.0,admisi,
agenbandarqonline,A353E,abampere,0.4,12.0,abampere,
agenbandarqterbaik,A353K,adenotropik,0.414,11.0,adenotropik,
agenbola,A353A,abangga,0.4,5.0,agenda,
agenbola,A353A,abangnya,0.5,5.0,agenda,
agenbola,A353A,agenda,0.714,3.0,agenda,
agenbola,A353A,agendanya,0.588,4.0,agenda,
agenbola,A353A,akomodasinya,0.3,10.0,agenda,
agenbolaterbaik,A353K,adenotropik,0.615,7.0,adenotropik,
agenbolaterpercaya,A353A,abangga,0.24,14.0,agendanya,
agenbolaterpercaya,A353A,abangnya,0.385,13.0,agendanya,
agenbolaterpercaya,A353A,agenda,0.417,13.0,agendanya,
agenbolaterpercaya,A353A,agendanya,0.519,11.0,agendanya,
agenbolaterpercaya,A353A,akomodasinya,0.267,13.0,agendanya,
agencies,A353S,admitans,0.375,6.0,akantus,
agencies,A353S,akantus,0.4,5.0,akantus,
agendakomunis,A353S,admitans,0.286,9.0,akantus,
agendakomunis,A353S,akantus,0.4,9.0,akantus,
agendakomunisgua,A353A,abangga,0.261,11.0,agendanya,
agendakomunisgua,A353A,abangnya,0.333,12.0,agendanya,
agendakomunisgua,A353A,agenda,0.545,10.0,agendanya,
agendakomunisgua,A353A,agendanya,0.64,8.0,agendanya,
agendakomunisgua,A353A,akomodasinya,0.429,11.0,agendanya,
agendaui,A353I,ajnabi,0.571,4.0,ajnabi,
agendaui,A353I,akomodasi,0.471,5.0,ajnabi,
agendomino,A353O,adinegoro,0.526,7.0,adinegoro,
agenhdsza,A352A,adenostemma,0.5,7.0,agnosia,
agenhdsza,A352A,agnosia,0.625,4.0,agnosia,
agenhdszajoachim,A352M,abomasum,0.25,13.0,abomasum,
agenibcbet,A353T,agamet,0.5,6.0,agamet,
agenibcbet,A353T,akinet,0.5,6.0,agamet,akinet
agenjudi,A353I,ajnabi,0.429,5.0,ajnabi,
agenjudi,A353I,akomodasi,0.353,7.0,ajnabi,
agenjudionline,A353E,abampere,0.273,12.0,abampere,
agennya,A351A,abunya,0.615,3.0,agungnya,
agennya,A351A,acinya,0.615,3.0,agungnya,
agennya,A351A,acuannya,0.667,3.0,agungnya,
agennya,A351A,adaadanya,0.5,5.0,agungnya,
agennya,A351A,adanya,0.615,3.0,agungnya,
agennya,A351A,adonannya,0.625,4.0,agungnya,
agennya,A351A,agenagennya,0.778,4.0,agungnya,
agennya,A351A,agunannya,0.75,3.0,agungnya,
agennya,A351A,agungnya,0.8,2.0,agungnya,
agennya,A351A,aibnya,0.615,3.0,agungnya,
agenpoker,A353R,agometer,0.588,5.0,agometer,
agensi,A352I,admisi,0.5,3.0,admisi,
agensipemeringkatfitch,A352H,akankah,0.276,17.0,akankah,
agenslotonline,A352E,adenase,0.476,10.0,adenase,
agenslotonline,A352E,agamaisme,0.261,11.0,adenase,
agenslotonline,A352E,agnostisisme,0.231,9.0,adenase,
agensusukuda,A352A,adenostemma,0.435,7.0,agnosia,
agensusukuda,A352A,agnosia,0.526,7.0,agnosia,
agensusumurni,A352I,admisi,0.316,10.0,admisi,
agent,A353T,agamet,0.727,3.0,agamet,
agent,A353T,akinet,0.545,3.0,agamet,
agentaruhanku,A353U,abangmu,0.4,10.0,agamaku,
agentaruhanku,A353U,adindaku,0.476,8.0,agamaku,
agentaruhanku,A353U,agamaku,0.6,7.0,agamaku,
agenterpercaya,A353A,abangga,0.286,11.0,agendanya,
agenterpercaya,A353A,abangnya,0.455,10.0,agendanya,
agenterpercaya,A353A,agenda,0.5,9.0,agendanya,
agenterpercaya,A353A,agendanya,0.609,8.0,agendanya,
agenterpercaya,A353A,akomodasinya,0.308,11.0,agendanya,
agentkachina,A353A,abangga,0.316,9.0,agendanya,
agentkachina,A353A,abangnya,0.4,9.0,agendanya,
agentkachina,A353A,agenda,0.556,7.0,agendanya,
agentkachina,A353A,agendanya,0.667,6.0,agendanya,
agentkachina,A353A,akomodasinya,0.5,8.0,agendanya,
agentogelsgpresult,A353T,agamet,0.333,14.0,agamet,
agentogelsgpresult,A353T,akinet,0.25,14.0,agamet,
agentogelterpercaya,A353A,abangga,0.308,15.0,agendanya,
agentogelterpercaya,A353A,abangnya,0.37,14.0,agendanya,
agentogelterpercaya,A353A,agenda,0.4,14.0,agendanya,
agentogelterpercaya,A353A,agendanya,0.5,13.0,agendanya,
agentogelterpercaya,A353A,akomodasinya,0.258,15.0,agendanya,
agentpoker,A353R,agometer,0.667,6.0,agometer,
ager,A360R,abar,0.5,2.0,agar,
ager,A360R,abarabar,0.333,6.0,agar,
ager,A360R,abrar,0.444,3.0,agar,
ager,A360R,abur,0.5,2.0,agar,
ager,A360R,acar,0.5,2.0,agar,
ager,A360R,adar,0.5,2.0,agar,
ager,A360R,agar,0.75,1.0,agar,
ager,A360R,agaragar,0.5,5.0,agar,
ager,A360R,ajar,0.5,2.0,agar,
ager,A360R,ajarajar,0.333,6.0,agar,
ager,A360R,ajir,0.5,2.0,agar,
ager,A360R,ajur,0.5,2.0,agar,
ager,A360R,akar,0.5,2.0,agar,
ager,A360R,akarakar,0.333,6.0,agar,
ager,A360R,akor,0.5,2.0,agar,
agfeyxt,A321T,akhwat,0.308,5.0,akhwat,
aggatra,A336A,adikara,0.571,4.0,adikara,
aggatra,A336A,adikarya,0.533,5.0,adikara,
aggatra,A336A,adipura,0.429,4.0,adikara,
agh,A320H,abah,0.571,2.0,agah,
agh,A320H,abahabah,0.364,6.0,agah,
agh,A320H,abuh,0.571,2.0,agah,
agh,A320H,acah,0.571,2.0,agah,
agh,A320H,aceh,0.571,2.0,agah,
agh,A320H,acuh,0.571,2.0,agah,
agh,A320H,adahah,0.444,4.0,agah,
agh,A320H,adeh,0.571,2.0,agah,
agh,A320H,aduh,0.571,2.0,agah,
agh,A320H,agah,0.857,1.0,agah,
agh,A320H,agih,0.857,1.0,agah,agih
agh,A320H,agihagih,0.545,5.0,agah,
agh,A320H,ajeh,0.571,2.0,agah,
agh,A320H,ajujah,0.444,4.0,agah,
agh,A320H,akikah,0.444,4.0,agah,
aghniina,A325A,absensia,0.5,5.0,adventisia,
aghniina,A325A,acuhnya,0.533,5.0,adventisia,
aghniina,A325A,adventisia,0.556,6.0,adventisia,
aghniina,A325A,akhimya,0.533,4.0,adventisia,
agi,A300I,abai,0.571,2.0,abi,
agi,A300I,abi,0.667,1.0,abi,
agi,A300I,aboi,0.571,2.0,abi,
agi,A300I,aci,0.667,1.0,abi,aci
agi,A300I,aciaci,0.444,4.0,abi,
agi,A300I,adi,0.667,1.0,abi,adi
agi,A300I,aji,0.667,1.0,abi,aji
agi,A300I,ajiaji,0.444,4.0,abi,
agi,A300I,aki,0.667,1.0,abi,aki
agi,A300I,akiaki,0.444,4.0,abi,
agid,A330D,abad,0.5,2.0,abid,
agid,A330D,abid,0.75,1.0,abid,
agid,A330D,akad,0.5,2.0,abid,
agid,A330D,akaid,0.667,2.0,abid,
agik,A330K,abuk,0.5,2.0,acik,
agik,A330K,abukabuk,0.333,6.0,acik,
agik,A330K,acak,0.5,2.0,acik,
agik,A330K,acakacak,0.333,6.0,acik,
agik,A330K,acik,0.75,1.0,acik,
agik,A330K,adik,0.75,1.0,acik,adik
agik,A330K,aduk,0.5,2.0,acik,
agik,A330K,agak,0.75,1.0,acik,agak
agik,A330K,agakagak,0.5,5.0,acik,
agik,A330K,aguk,0.75,1.0,acik,aguk
agik,A330K,ajak,0.5,2.0,acik,
agik,A330K,ajek,0.5,2.0,acik,
agik,A330K,ajuk,0.5,2.0,acik,
agk,A330K,abuk,0.571,2.0,agak,
agk,A330K,abukabuk,0.364,6.0,agak,
agk,A330K,acak,0.571,2.0,agak,
agk,A330K,acakacak,0.364,6.0,agak,
agk,A330K,acik,0.571,2.0,agak,
agk,A330K,adik,0.571,2.0,agak,
agk,A330K,aduk,0.571,2.0,agak,
agk,A330K,agak,0.857,1.0,agak,
agk,A330K,agakagak,0.545,5.0,agak,
agk,A330K,aguk,0.857,1.0,agak,aguk
agk,A330K,ajak,0.571,2.0,agak,
agk,A330K,ajek,0.571,2.0,agak,
agk,A330K,ajuk,0.571,2.0,agak,
agka,A330A,abaka,0.667,2.0,abaka,
agka,A330A,adika,0.667,2.0,abaka,adika
agm,A350M,acum,0.571,2.0,agam,
agm,A350M,adam,0.571,2.0,agam,
agm,A350M,adem,0.571,2.0,agam,
agm,A350M,agam,0.857,1.0,agam,
agmin,A355N,abonemen,0.462,5.0,agamen,
agmin,A355N,acuman,0.545,3.0,agamen,
agmin,A355N,agamen,0.727,2.0,agamen,
agnation,A353N,abangan,0.4,5.0,agungkan,
agnation,A353N,acungkan,0.375,6.0,agungkan,
agnation,A353N,agungkan,0.625,5.0,agungkan,
agnation,A353N,ajengan,0.4,6.0,agungkan,
agnation,A353N,ajungan,0.4,6.0,agungkan,
agnesvk,A352K,agnostik,0.667,3.0,agnostik,
agnesvk,A352K,agonistik,0.625,4.0,agnostik,
ago,A300O,aco,0.667,1.0,agio,
ago,A300O,agio,0.857,1.0,agio,
ago,A300O,agogo,0.75,2.0,agio,
ago,A300O,akeo,0.571,2.0,agio,
agoes,A320S,abas,0.444,3.0,agas,
agoes,A320S,abis,0.444,3.0,agas,
agoes,A320S,abses,0.6,2.0,agas,
agoes,A320S,absis,0.4,3.0,agas,
agoes,A320S,abus,0.444,3.0,agas,
agoes,A320S,adas,0.444,3.0,agas,
agoes,A320S,aedes,0.6,2.0,agas,
agoes,A320S,agas,0.667,2.0,agas,
agoes,A320S,agus,0.667,2.0,agas,agus
agoes,A320S,akas,0.444,3.0,agas,
agogod,A330D,abad,0.4,4.0,abad,
agogod,A330D,abid,0.4,4.0,abad,abid
agogod,A330D,akad,0.4,4.0,abad,akad
agogod,A330D,akaid,0.364,4.0,abad,
agong,A350G,agung,0.8,1.0,agung,
agp,A330P,acap,0.571,2.0,acap,
agp,A330P,acapacap,0.364,6.0,acap,
agp,A330P,adap,0.571,2.0,acap,adap
agpearthhour,A336R,abatoar,0.316,7.0,agitator,
agpearthhour,A336R,abtar,0.353,9.0,agitator,
agpearthhour,A336R,abubakar,0.3,9.0,agitator,
agpearthhour,A336R,agitator,0.4,6.0,agitator,
agpearthhour,A336R,akbar,0.353,9.0,agitator,
agpeduli,A333I,abdikasi,0.375,6.0,abduksi,
agpeduli,A333I,abduksi,0.533,5.0,abduksi,
agpeduli,A333I,acapkali,0.5,5.0,abduksi,
agpeduli,A333I,adaptasi,0.375,6.0,abduksi,
agpeduli,A333I,adipati,0.4,6.0,abduksi,
agpedulibahkan,A333N,abadikan,0.545,8.0,akibatkan,
agpedulibahkan,A333N,akibatkan,0.609,7.0,akibatkan,
agpedulicegah,A333H,abjadiah,0.476,8.0,abjadiah,
agpedulicegah,A333H,aditokoh,0.381,9.0,abjadiah,
agpedulicegah,A333H,ajaibkhanah,0.333,10.0,abjadiah,
agpedulikemarin,A333N,abadikan,0.522,9.0,abadikan,
agpedulikemarin,A333N,akibatkan,0.417,11.0,abadikan,
agpedulikoordinator,A333R,abduktor,0.519,12.0,aduktor,
agpedulikoordinator,A333R,adapter,0.308,15.0,aduktor,
agpedulikoordinator,A333R,adaptometer,0.333,14.0,aduktor,
agpedulikoordinator,A333R,adaptor,0.385,14.0,aduktor,
agpedulikoordinator,A333R,aduktor,0.538,12.0,aduktor,
agpedulinah,A333H,abjadiah,0.526,6.0,abjadiah,
agpedulinah,A333H,aditokoh,0.421,8.0,abjadiah,
agpedulinah,A333H,ajaibkhanah,0.455,7.0,abjadiah,
agpedulipada,A333A,adiboga,0.316,8.0,akibatnya,
agpedulipada,A333A,adicita,0.316,8.0,akibatnya,
agpedulipada,A333A,adjektiva,0.286,8.0,akibatnya,
agpedulipada,A333A,akibatnya,0.381,10.0,akibatnya,
agpedulipendirian,A333N,abadikan,0.4,12.0,abadikan,
agpedulipendirian,A333N,akibatkan,0.308,13.0,abadikan,
agpedulitujuan,A333N,abadikan,0.455,9.0,abadikan,
agpedulitujuan,A333N,akibatkan,0.435,10.0,abadikan,
agr,A360R,abar,0.571,2.0,agar,
agr,A360R,abarabar,0.364,6.0,agar,
agr,A360R,abrar,0.5,3.0,agar,
agr,A360R,abur,0.571,2.0,agar,
agr,A360R,acar,0.571,2.0,agar,
agr,A360R,adar,0.571,2.0,agar,
agr,A360R,agar,0.857,1.0,agar,
agr,A360R,agaragar,0.545,5.0,agar,
agr,A360R,ajar,0.571,2.0,agar,
agr,A360R,ajarajar,0.364,6.0,agar,
agr,A360R,ajir,0.571,2.0,agar,
agr,A360R,ajur,0.571,2.0,agar,
agr,A360R,akar,0.571,2.0,agar,
agr,A360R,akarakar,0.364,6.0,agar,
agr,A360R,akor,0.571,2.0,agar,
agras,A362S,abras,0.8,1.0,agraris,
agras,A362S,abrus,0.6,2.0,agraris,
agras,A362S,adres,0.6,2.0,agraris,
agras,A362S,agraris,0.833,2.0,agraris,
agras,A362S,agresivitas,0.625,6.0,agraris,
agresifnya,A362A,adresnya,0.778,3.0,adresnya,
agresifnya,A362A,agorafobia,0.5,7.0,adresnya,
agresifnya,A362A,agrafia,0.588,5.0,adresnya,
agresifnya,A362A,akriflavina,0.571,8.0,adresnya,
agresifnya,A362A,akrofobia,0.421,7.0,adresnya,
agsa,A320A,adha,0.5,2.0,akasia,
agsa,A320A,akasia,0.6,3.0,akasia,
agspfqhuqe,A323E,abstraksionisme,0.24,12.0,abstraksionisme,
agspfqhuqeakibat,A323T,absit,0.381,12.0,absit,
agspfqhuqeakibat,A323T,advokat,0.348,12.0,absit,
agsstyn,A323N,abstain,0.571,4.0,abstain,
agsstyn,A323N,adstringen,0.471,7.0,abstain,
agsstyn,A323N,agihkan,0.429,4.0,abstain,
agsvevkf,A322F,adhesif,0.4,5.0,adhesif,
agsvevkfmnh,A322H,absah,0.375,8.0,absah,
aguardarei,A363I,abreaksi,0.444,6.0,agradasi,
aguardarei,A363I,abrupsi,0.353,7.0,agradasi,
aguardarei,A363I,agradasi,0.667,4.0,agradasi,
aguardarei,A363I,agrioekologi,0.455,9.0,agradasi,
aguardarei,A363I,agroekonomi,0.476,8.0,agradasi,
aguardarei,A363I,agroklimatologi,0.32,11.0,agradasi,
aguardarei,A363I,akreditasi,0.4,8.0,agradasi,
aguardarei,A363I,akreditisasi,0.364,10.0,agradasi,
aguloi,A340I,adili,0.545,3.0,akli,
aguloi,A340I,akali,0.545,3.0,akli,
aguloi,A340I,akli,0.6,3.0,akli,
aguskuya,A323A,abiseka,0.533,5.0,abiseka,
agustian,A323N,abstain,0.667,4.0,abstain,
agustian,A323N,adstringen,0.556,6.0,abstain,
agustian,A323N,agihkan,0.667,4.0,abstain,agihkan
agustin,A323N,abstain,0.714,3.0,abstain,
agustin,A323N,adstringen,0.588,6.0,abstain,
agustin,A323N,agihkan,0.571,4.0,abstain,
agustina,A323A,abiseka,0.4,5.0,abiseka,
agxtdimdolar,A323R,adihablur,0.476,7.0,adihablur,
agxtdimdolar,A323R,ajuster,0.316,10.0,adihablur,
agxtdimdolar,A323R,akhbar,0.333,9.0,adihablur,
ahahah,A200H,ah,0.5,4.0,ah,
ahahahaadek,A233K,afotik,0.235,9.0,afotik,
ahbocupberikut,A233T,afektit,0.381,11.0,afektit,
ahbocupberikut,A233T,ahadiat,0.381,10.0,afektit,
ahcepat,A233T,afektit,0.429,5.0,ahadiat,
ahcepat,A233T,ahadiat,0.571,3.0,ahadiat,
ahead,A230D,ahad,0.889,1.0,ahad,
ahgablink,A233K,afotik,0.4,6.0,afotik,
ahh,A200H,ah,0.8,1.0,ah,
ahhh,A200H,ah,0.667,2.0,ah,
ahhiya,A210A,afwa,0.4,4.0,afwa,
ahlakgada,A243A,ahlibahasa,0.632,5.0,ahlibahasa,
ahlaknya,A243A,ahlibahasa,0.556,5.0,ahlibahasa,
ahlaqdah,A242H,ahlusunah,0.588,4.0,ahlusunah,
ahlivirologi,A242I,afiliasi,0.4,8.0,afiliasi,
ahmadinejad,A253D,ahmad,0.625,6.0,ahmad,
ahok,A230K,afek,0.5,2.0,afek,
aiadmk,A353K,adenotropik,0.353,9.0,adenotropik,
aibon,A350N,abaian,0.545,4.0,abon,
aibon,A350N,aban,0.667,2.0,abon,
aibon,A350N,aben,0.667,2.0,abon,
aibon,A350N,abon,0.889,1.0,abon,
aibon,A350N,abuabuan,0.462,5.0,abon,
aibon,A350N,abuan,0.6,3.0,abon,
aibon,A350N,abun,0.667,2.0,abon,
aibon,A350N,abunabun,0.462,5.0,abon,
aibon,A350N,acan,0.444,3.0,abon,
aibon,A350N,aciacian,0.462,5.0,abon,
aibon,A350N,acian,0.6,3.0,abon,
aibon,A350N,acoacoan,0.462,5.0,abon,
aibon,A350N,acoan,0.6,3.0,abon,
aibon,A350N,acuan,0.4,3.0,abon,
aibon,A350N,adan,0.444,3.0,abon,
aibon,A350N,adenin,0.545,4.0,abon,
aibon,A350N,adnan,0.4,3.0,abon,
aibon,A350N,adon,0.667,2.0,abon,
aibon,A350N,adonan,0.545,4.0,abon,
aibon,A350N,aduan,0.4,3.0,abon,
aibon,A350N,adun,0.444,3.0,abon,
aibon,A350N,adunan,0.364,4.0,abon,
aibon,A350N,agan,0.444,3.0,abon,
aibon,A350N,agen,0.444,3.0,abon,
aibon,A350N,agon,0.667,2.0,abon,
aibon,A350N,agun,0.444,3.0,abon,
aibon,A350N,agunan,0.364,4.0,abon,
aibon,A350N,ajuan,0.4,3.0,abon,
aibon,A350N,ajun,0.444,3.0,abon,
aibon,A350N,akan,0.444,3.0,abon,
aibon,A350N,akanakan,0.308,6.0,abon,
aibon,A350N,akanan,0.364,4.0,abon,
aic,A300C,ac,0.8,1.0,ac,
aice,A300E,ade,0.571,2.0,ade,
aichi,A320I,absisi,0.545,4.0,adisi,
aichi,A320I,adisi,0.6,3.0,adisi,
aichi,A320I,aduhai,0.364,3.0,adisi,
aidilfitri,A342I,ablasi,0.25,7.0,abolisi,
aidilfitri,A342I,ablusi,0.25,7.0,abolisi,
aidilfitri,A342I,abolisi,0.353,6.0,abolisi,
aidit,A330T,abet,0.444,3.0,adat,
aidit,A330T,acat,0.444,3.0,adat,
aidit,A330T,adat,0.667,2.0,adat,
aidit,A330T,adatadat,0.462,5.0,adat,
aidit,A330T,agut,0.444,3.0,adat,
aidit,A330T,agutagut,0.308,6.0,adat,
aids,A320S,abas,0.5,2.0,abis,
aids,A320S,abis,0.75,2.0,abis,
aids,A320S,abses,0.444,3.0,abis,
aids,A320S,absis,0.667,3.0,abis,
aids,A320S,abus,0.5,2.0,abis,
aids,A320S,adas,0.75,2.0,abis,adas
aids,A320S,aedes,0.667,2.0,abis,
aids,A320S,agas,0.5,2.0,abis,
aids,A320S,agus,0.5,2.0,abis,
aids,A320S,akas,0.5,2.0,abis,
aidzin,A325N,absen,0.364,4.0,adven,
aidzin,A325N,absonan,0.308,5.0,adven,
aidzin,A325N,abuhabuhan,0.25,8.0,adven,
aidzin,A325N,abuhan,0.333,4.0,adven,
aidzin,A325N,acuhan,0.333,4.0,adven,
aidzin,A325N,adven,0.545,3.0,adven,
aidzin,A325N,agihan,0.5,4.0,adven,
aidzin,A325N,ajufan,0.333,4.0,adven,
aight,A323T,absit,0.6,3.0,absit,
aight,A323T,advokat,0.333,5.0,absit,
aigooo,A300O,aco,0.444,4.0,agogo,
aigooo,A300O,agio,0.6,3.0,agogo,
aigooo,A300O,agogo,0.727,2.0,agogo,
aigooo,A300O,akeo,0.4,4.0,agogo,
aiguu,A300U,abau,0.444,3.0,aiku,
aiguu,A300U,abu,0.5,3.0,aiku,
aiguu,A300U,abuabu,0.545,4.0,aiku,
aiguu,A300U,acau,0.444,3.0,aiku,
aiguu,A300U,acu,0.5,3.0,aiku,
aiguu,A300U,adu,0.5,3.0,aiku,
aiguu,A300U,aiku,0.667,2.0,aiku,
aiguu,A300U,aju,0.5,3.0,aiku,
aih,A200H,ah,0.8,1.0,ah,
aihhhh,A200H,ah,0.5,4.0,ah,
aii,A000I,ai,0.8,1.0,ai,
aik,A300K,akak,0.571,2.0,akik,
aik,A300K,akik,0.857,1.0,akik,
aipda,A330A,abaka,0.4,3.0,adika,
aipda,A330A,adika,0.6,3.0,adika,
aiptu,A330U,abdu,0.444,3.0,aibku,
aiptu,A330U,adikku,0.545,3.0,aibku,
aiptu,A330U,aibku,0.6,2.0,aibku,
airforcejustdoit,A623T,aerostat,0.5,10.0,aerostat,
aisyiyah,A212H,aisyah,0.857,2.0,aisyah,
ajaa,A300A,aba,0.571,2.0,aja,
ajaa,A300A,abaaba,0.6,3.0,aja,
ajaa,A300A,ada,0.571,2.0,aja,
ajaa,A300A,aja,0.857,1.0,aja,
ajaaa,A300A,aba,0.5,3.0,aja,
ajaaa,A300A,abaaba,0.727,2.0,aja,
ajaaa,A300A,ada,0.5,3.0,aja,
ajaaa,A300A,aja,0.75,2.0,aja,
ajaaaa,A300A,aba,0.444,4.0,abaaba,
ajaaaa,A300A,abaaba,0.667,2.0,abaaba,
ajaaaa,A300A,ada,0.444,4.0,abaaba,
ajaaaa,A300A,aja,0.667,3.0,abaaba,aja
ajaaaaa,A300A,aba,0.4,5.0,abaaba,
ajaaaaa,A300A,abaaba,0.615,3.0,abaaba,
ajaaaaa,A300A,ada,0.4,5.0,abaaba,
ajaaaaa,A300A,aja,0.6,4.0,abaaba,
ajaaaaaa,A300A,aba,0.364,6.0,abaaba,
ajaaaaaa,A300A,abaaba,0.571,4.0,abaaba,
ajaaaaaa,A300A,ada,0.364,6.0,abaaba,
ajaaaaaa,A300A,aja,0.545,5.0,abaaba,
ajaaaaaaaaaaa,A300A,aba,0.25,11.0,abaaba,
ajaaaaaaaaaaa,A300A,abaaba,0.421,9.0,abaaba,
ajaaaaaaaaaaa,A300A,ada,0.25,11.0,abaaba,
ajaaaaaaaaaaa,A300A,aja,0.375,10.0,abaaba,
ajaaaaamiin,A355N,abonemen,0.316,8.0,agamen,
ajaaaaamiin,A355N,acuman,0.353,8.0,agamen,
ajaaaaamiin,A355N,agamen,0.471,7.0,agamen,
ajaaaajauh,A320H,abah,0.429,7.0,ajujah,
ajaaaajauh,A320H,abahabah,0.556,5.0,ajujah,
ajaaaajauh,A320H,abuh,0.429,7.0,ajujah,
ajaaaajauh,A320H,acah,0.429,7.0,ajujah,
ajaaaajauh,A320H,aceh,0.286,8.0,ajujah,
ajaaaajauh,A320H,acuh,0.429,7.0,ajujah,
ajaaaajauh,A320H,adahah,0.5,6.0,ajujah,
ajaaaajauh,A320H,adeh,0.286,8.0,ajujah,
ajaaaajauh,A320H,aduh,0.429,7.0,ajujah,
ajaaaajauh,A320H,agah,0.429,7.0,ajujah,
ajaaaajauh,A320H,agih,0.286,8.0,ajujah,
ajaaaajauh,A320H,agihagih,0.333,7.0,ajujah,
ajaaaajauh,A320H,ajeh,0.429,7.0,ajujah,
ajaaaajauh,A320H,ajujah,0.625,5.0,ajujah,
ajaaaajauh,A320H,akikah,0.375,7.0,ajujah,
ajaaagak,A333K,abiotik,0.267,6.0,adiabatik,
ajaaagak,A333K,adiabatik,0.471,5.0,adiabatik,
ajaaagak,A333K,adiaktinik,0.333,7.0,adiabatik,
ajaaagak,A333K,adikberadik,0.316,8.0,adiabatik,
ajaaamiin,A355N,abonemen,0.353,6.0,agamen,
ajaaamiin,A355N,acuman,0.4,6.0,agamen,
ajaaamiin,A355N,agamen,0.533,5.0,agamen,
ajaaas,A320S,abas,0.6,3.0,abas,
ajaaas,A320S,abis,0.4,4.0,abas,
ajaaas,A320S,abses,0.364,4.0,abas,
ajaaas,A320S,absis,0.364,4.0,abas,
ajaaas,A320S,abus,0.4,4.0,abas,
ajaaas,A320S,adas,0.6,3.0,abas,adas
ajaaas,A320S,aedes,0.364,4.0,abas,
ajaaas,A320S,agas,0.6,3.0,abas,agas
ajaaas,A320S,agus,0.4,4.0,abas,
ajaaas,A320S,akas,0.6,3.0,abas,akas
ajaaaskenapaaa,A323A,abiseka,0.19,10.0,abiseka,
ajaaaudah,A332H,abadiah,0.625,5.0,abadiah,
ajaaaudah,A332H,abduh,0.429,6.0,abadiah,
ajaaaudah,A332H,adabiah,0.5,5.0,abadiah,
ajaaaudah,A332H,adakah,0.533,5.0,abadiah,
ajaaaudah,A332H,agakagih,0.471,5.0,abadiah,
ajaaaudah,A332H,akidah,0.533,5.0,abadiah,
ajaagausah,A332H,abadiah,0.471,6.0,agakagih,
ajaagausah,A332H,abduh,0.4,7.0,agakagih,
ajaagausah,A332H,adabiah,0.471,6.0,agakagih,
ajaagausah,A332H,adakah,0.5,6.0,agakagih,
ajaagausah,A332H,agakagih,0.556,6.0,agakagih,
ajaagausah,A332H,akidah,0.375,7.0,agakagih,
ajaaiyaa,A310A,abuya,0.462,5.0,adidaya,
ajaaiyaa,A310A,adidaya,0.533,5.0,adidaya,
ajaaiyaa,A310A,adiwidia,0.25,5.0,adidaya,
ajaajan,A350N,abaian,0.615,3.0,ajuan,
ajaajan,A350N,aban,0.545,4.0,ajuan,
ajaajan,A350N,aben,0.364,5.0,ajuan,
ajaajan,A350N,abon,0.364,5.0,ajuan,
ajaajan,A350N,abuabuan,0.533,4.0,ajuan,
ajaajan,A350N,abuan,0.5,4.0,ajuan,
ajaajan,A350N,abun,0.364,5.0,ajuan,
ajaajan,A350N,abunabun,0.4,5.0,ajuan,
ajaajan,A350N,acan,0.545,4.0,ajuan,
ajaajan,A350N,aciacian,0.533,4.0,ajuan,
ajaajan,A350N,acian,0.5,4.0,ajuan,
ajaajan,A350N,acoacoan,0.533,4.0,ajuan,
ajaajan,A350N,acoan,0.5,4.0,ajuan,
ajaajan,A350N,acuan,0.5,4.0,ajuan,
ajaajan,A350N,adan,0.545,4.0,ajuan,
ajaajan,A350N,adenin,0.308,5.0,ajuan,
ajaajan,A350N,adnan,0.5,4.0,ajuan,
ajaajan,A350N,adon,0.364,5.0,ajuan,
ajaajan,A350N,adonan,0.462,4.0,ajuan,
ajaajan,A350N,aduan,0.5,4.0,ajuan,
ajaajan,A350N,adun,0.364,5.0,ajuan,
ajaajan,A350N,adunan,0.462,4.0,ajuan,
ajaajan,A350N,agan,0.545,4.0,ajuan,
ajaajan,A350N,agen,0.364,5.0,ajuan,
ajaajan,A350N,agon,0.364,5.0,ajuan,
ajaajan,A350N,agun,0.364,5.0,ajuan,
ajaajan,A350N,agunan,0.462,4.0,ajuan,
ajaajan,A350N,ajuan,0.667,3.0,ajuan,
ajaajan,A350N,ajun,0.545,4.0,ajuan,
ajaajan,A350N,akan,0.545,4.0,ajuan,
ajaajan,A350N,akanakan,0.4,3.0,ajuan,
ajaajan,A350N,akanan,0.462,3.0,ajuan,
ajaamudik,A353K,adenotropik,0.4,8.0,adenotropik,
ajaanapa,A353A,abangga,0.533,4.0,abangga,
ajaanapa,A353A,abangnya,0.5,5.0,abangga,
ajaanapa,A353A,agenda,0.286,5.0,abangga,
ajaanapa,A353A,agendanya,0.471,6.0,abangga,
ajaanapa,A353A,akomodasinya,0.3,9.0,abangga,
ajaasi,A320I,absisi,0.5,3.0,adisi,
ajaasi,A320I,adisi,0.545,3.0,adisi,
ajaasi,A320I,aduhai,0.5,4.0,adisi,
ajabacot,A333T,adekuat,0.4,6.0,adiabat,
ajabacot,A333T,adiabat,0.667,4.0,adiabat,
ajabacot,A333T,adibibit,0.375,5.0,adiabat,
ajabacot,A333T,adpokat,0.4,6.0,adiabat,
ajabacot,A333T,akibat,0.571,4.0,adiabat,
ajabener,A335R,adipenghantar,0.381,9.0,adipenghantar,
ajacepet,A333T,adekuat,0.4,6.0,akibat,
ajacepet,A333T,adiabat,0.4,6.0,akibat,
ajacepet,A333T,adibibit,0.25,6.0,akibat,
ajacepet,A333T,adpokat,0.4,6.0,akibat,
ajacepet,A333T,akibat,0.429,6.0,akibat,
ajacepetan,A333N,abadikan,0.444,6.0,akibatkan,
ajacepetan,A333N,akibatkan,0.526,7.0,akibatkan,
ajacintaku,A335U,adikmu,0.5,7.0,ajakanmu,
ajacintaku,A335U,ajakanmu,0.556,5.0,ajakanmu,
ajacuman,A335N,abaikan,0.533,4.0,acukan,
ajacuman,A335N,abdomen,0.4,5.0,acukan,
ajacuman,A335N,abidin,0.286,6.0,acukan,
ajacuman,A335N,acakacakan,0.444,5.0,acukan,
ajacuman,A335N,acakan,0.571,4.0,acukan,
ajacuman,A335N,acatan,0.571,4.0,acukan,
ajacuman,A335N,acikan,0.571,4.0,acukan,
ajacuman,A335N,acukan,0.714,3.0,acukan,
ajacuman,A335N,adakan,0.571,4.0,acukan,
ajacuman,A335N,adapadapan,0.444,6.0,acukan,
ajacuman,A335N,adapan,0.571,4.0,acukan,
ajacuman,A335N,adapun,0.571,4.0,acukan,
ajacuman,A335N,adegan,0.429,5.0,acukan,
ajacuman,A335N,adukadukan,0.556,5.0,acukan,
ajacuman,A335N,adukan,0.571,4.0,acukan,
ajacuman,A335N,adukkan,0.533,5.0,acukan,
ajacuman,A335N,agakan,0.571,4.0,acukan,
ajacuman,A335N,ajaiban,0.667,3.0,acukan,
ajacuman,A335N,ajakan,0.714,3.0,acukan,ajakan
ajacuman,A335N,ajudan,0.714,3.0,acukan,ajudan
ajacuman,A335N,ajukan,0.714,3.0,acukan,ajukan
ajad,A330D,abad,0.75,1.0,abad,
ajad,A330D,abid,0.5,2.0,abad,
ajad,A330D,akad,0.75,1.0,abad,akad
ajad,A330D,akaid,0.667,2.0,abad,
ajadah,A332H,abadiah,0.769,2.0,abadiah,
ajadah,A332H,abduh,0.545,3.0,abadiah,
ajadah,A332H,adabiah,0.615,3.0,abadiah,
ajadah,A332H,adakah,0.667,2.0,abadiah,
ajadah,A332H,agakagih,0.571,4.0,abadiah,
ajadah,A332H,akidah,0.667,2.0,abadiah,
ajadaripada,A336A,adikara,0.556,6.0,adikara,
ajadaripada,A336A,adikarya,0.526,7.0,adikara,
ajadaripada,A336A,adipura,0.556,6.0,adikara,adipura
ajadeh,A332H,abadiah,0.615,3.0,abadiah,
ajadeh,A332H,abduh,0.545,3.0,abadiah,
ajadeh,A332H,adabiah,0.462,4.0,abadiah,
ajadeh,A332H,adakah,0.5,3.0,abadiah,
ajadeh,A332H,agakagih,0.429,5.0,abadiah,
ajadeh,A332H,akidah,0.5,3.0,abadiah,
ajadi,A330I,abadi,0.8,1.0,abadi,
ajadi,A330I,abdi,0.667,2.0,abadi,
ajadi,A330I,adaibadai,0.429,5.0,abadi,
ajadi,A330I,adati,0.6,2.0,abadi,
ajaga,A330A,abaka,0.6,2.0,abaka,
ajaga,A330A,adika,0.4,3.0,abaka,
ajagak,A333K,abiotik,0.308,5.0,adiabatik,
ajagak,A333K,adiabatik,0.533,5.0,adiabatik,
ajagak,A333K,adiaktinik,0.375,7.0,adiabatik,
ajagak,A333K,adikberadik,0.353,8.0,adiabatik,
ajagausah,A332H,abadiah,0.5,5.0,agakagih,
ajagausah,A332H,abduh,0.429,6.0,agakagih,
ajagausah,A332H,adabiah,0.5,5.0,agakagih,
ajagausah,A332H,adakah,0.533,5.0,agakagih,
ajagausah,A332H,agakagih,0.588,5.0,agakagih,
ajagausah,A332H,akidah,0.4,6.0,agakagih,
ajagk,A333K,abiotik,0.333,5.0,adiabatik,
ajagk,A333K,adiabatik,0.429,6.0,adiabatik,
ajagk,A333K,adiaktinik,0.4,7.0,adiabatik,
ajagk,A333K,adikberadik,0.375,8.0,adiabatik,
ajah,A320H,abah,0.75,1.0,ajujah,
ajah,A320H,abahabah,0.5,5.0,ajujah,
ajah,A320H,abuh,0.5,2.0,ajujah,
ajah,A320H,acah,0.75,1.0,ajujah,
ajah,A320H,aceh,0.5,2.0,ajujah,
ajah,A320H,acuh,0.5,2.0,ajujah,
ajah,A320H,adahah,0.6,3.0,ajujah,
ajah,A320H,adeh,0.5,2.0,ajujah,
ajah,A320H,aduh,0.5,2.0,ajujah,
ajah,A320H,agah,0.75,1.0,ajujah,
ajah,A320H,agih,0.5,2.0,ajujah,
ajah,A320H,agihagih,0.5,5.0,ajujah,
ajah,A320H,ajeh,0.75,1.0,ajujah,
ajah,A320H,ajujah,0.8,2.0,ajujah,
ajah,A320H,akikah,0.6,3.0,ajujah,
ajahari,A326I,absorbsi,0.4,6.0,akhiri,
ajahari,A326I,absorpsi,0.4,6.0,akhiri,
ajahari,A326I,absorptansi,0.333,8.0,akhiri,
ajahari,A326I,adsorpsi,0.4,6.0,akhiri,
ajahari,A326I,advertensi,0.353,8.0,akhiri,
ajahari,A326I,akhiri,0.615,3.0,akhiri,
ajahati,A323I,abstinensi,0.353,8.0,advokasi,
ajahati,A323I,abstraksi,0.375,6.0,advokasi,
ajahati,A323I,adveksi,0.286,5.0,advokasi,
ajahati,A323I,advokasi,0.4,5.0,advokasi,
ajaheh,A320H,abah,0.6,3.0,ajeh,
ajaheh,A320H,abahabah,0.571,4.0,ajeh,
ajaheh,A320H,abuh,0.4,4.0,ajeh,
ajaheh,A320H,acah,0.6,3.0,ajeh,
ajaheh,A320H,aceh,0.6,3.0,ajeh,
ajaheh,A320H,acuh,0.4,4.0,ajeh,
ajaheh,A320H,adahah,0.667,2.0,ajeh,
ajaheh,A320H,adeh,0.6,3.0,ajeh,
ajaheh,A320H,aduh,0.4,4.0,ajeh,
ajaheh,A320H,agah,0.6,3.0,ajeh,
ajaheh,A320H,agih,0.4,4.0,ajeh,
ajaheh,A320H,agihagih,0.429,5.0,ajeh,
ajaheh,A320H,ajeh,0.8,2.0,ajeh,
ajaheh,A320H,ajujah,0.667,3.0,ajeh,
ajaheh,A320H,akikah,0.5,4.0,ajeh,
ajahh,A320H,abah,0.667,2.0,adahah,
ajahh,A320H,abahabah,0.615,4.0,adahah,
ajahh,A320H,abuh,0.444,3.0,adahah,
ajahh,A320H,acah,0.667,2.0,adahah,
ajahh,A320H,aceh,0.444,3.0,adahah,
ajahh,A320H,acuh,0.444,3.0,adahah,
ajahh,A320H,adahah,0.727,2.0,adahah,
ajahh,A320H,adeh,0.444,3.0,adahah,
ajahh,A320H,aduh,0.444,3.0,adahah,
ajahh,A320H,agah,0.667,2.0,adahah,
ajahh,A320H,agih,0.444,3.0,adahah,
ajahh,A320H,agihagih,0.462,5.0,adahah,
ajahh,A320H,ajeh,0.667,2.0,adahah,
ajahh,A320H,ajujah,0.727,3.0,adahah,ajujah
ajahh,A320H,akikah,0.545,4.0,adahah,
ajai,A300I,abai,0.75,1.0,aji,
ajai,A300I,abi,0.571,2.0,aji,
ajai,A300I,aboi,0.5,2.0,aji,
ajai,A300I,aci,0.571,2.0,aji,
ajai,A300I,aciaci,0.6,3.0,aji,
ajai,A300I,adi,0.571,2.0,aji,
ajai,A300I,aji,0.857,1.0,aji,
ajai,A300I,ajiaji,0.8,2.0,aji,
ajai,A300I,aki,0.571,2.0,aji,
ajai,A300I,akiaki,0.6,3.0,aji,
ajajangan,A353N,abangan,0.75,3.0,abangan,
ajajangan,A353N,acungkan,0.353,5.0,abangan,
ajajangan,A353N,agungkan,0.353,5.0,abangan,
ajajangan,A353N,ajengan,0.75,3.0,abangan,ajengan
ajajangan,A353N,ajungan,0.75,3.0,abangan,ajungan
ajajauh,A320H,abah,0.545,4.0,ajujah,
ajajauh,A320H,abahabah,0.533,4.0,ajujah,
ajajauh,A320H,abuh,0.545,4.0,ajujah,
ajajauh,A320H,acah,0.545,4.0,ajujah,
ajajauh,A320H,aceh,0.364,5.0,ajujah,
ajajauh,A320H,acuh,0.545,4.0,ajujah,
ajajauh,A320H,adahah,0.615,3.0,ajujah,
ajajauh,A320H,adeh,0.364,5.0,ajujah,
ajajauh,A320H,aduh,0.545,4.0,ajujah,
ajajauh,A320H,agah,0.545,4.0,ajujah,
ajajauh,A320H,agih,0.364,5.0,ajujah,
ajajauh,A320H,agihagih,0.4,5.0,ajujah,
ajajauh,A320H,ajeh,0.545,4.0,ajujah,
ajajauh,A320H,ajujah,0.769,2.0,ajujah,
ajajauh,A320H,akikah,0.462,4.0,ajujah,
ajajngan,A353N,abangan,0.8,2.0,abangan,
ajajngan,A353N,acungkan,0.625,4.0,abangan,
ajajngan,A353N,agungkan,0.625,4.0,abangan,
ajajngan,A353N,ajengan,0.8,2.0,abangan,ajengan
ajajngan,A353N,ajungan,0.8,2.0,abangan,ajungan
ajajug,A330G,ajag,0.8,2.0,ajag,
ajakebanyakan,A333N,abadikan,0.571,7.0,akibatkan,
ajakebanyakan,A333N,akibatkan,0.636,6.0,akibatkan,
ajakemars,A335S,abiogenesis,0.3,8.0,akademis,
ajakemars,A335S,akademikus,0.526,5.0,akademis,
ajakemars,A335S,akademis,0.588,4.0,akademis,
ajakenapa,A335A,abdinya,0.25,6.0,ajakannya,
ajakenapa,A335A,abdomennya,0.421,6.0,ajakannya,
ajakenapa,A335A,adatnya,0.5,5.0,ajakannya,
ajakenapa,A335A,adegannya,0.444,6.0,ajakannya,
ajakenapa,A335A,adiguna,0.375,6.0,ajakannya,
ajakenapa,A335A,adikadiknya,0.5,8.0,ajakannya,
ajakenapa,A335A,adikadiknya,0.5,8.0,ajakannya,
ajakenapa,A335A,adiknya,0.25,5.0,ajakannya,
ajakenapa,A335A,aditama,0.375,6.0,ajakannya,
ajakenapa,A335A,agaknya,0.625,4.0,ajakannya,
ajakenapa,A335A,ajaibnya,0.588,4.0,ajakannya,
ajakenapa,A335A,ajakannya,0.667,3.0,ajakannya,
ajakenapa,A335A,ajudannya,0.556,5.0,ajakannya,
ajakenapa,A335A,ajukannya,0.556,4.0,ajakannya,
ajakenapa,A335A,akademika,0.444,5.0,ajakannya,
ajakenapa,A335A,akademiknya,0.5,7.0,ajakannya,
ajakenapa,A335A,akademisnya,0.5,7.0,ajakannya,
ajakenpa,A335A,abdinya,0.267,5.0,ajakannya,
ajakenpa,A335A,abdomennya,0.444,6.0,ajakannya,
ajakenpa,A335A,adatnya,0.533,4.0,ajakannya,
ajakenpa,A335A,adegannya,0.471,6.0,ajakannya,
ajakenpa,A335A,adiguna,0.267,5.0,ajakannya,
ajakenpa,A335A,adikadiknya,0.526,7.0,ajakannya,
ajakenpa,A335A,adikadiknya,0.526,7.0,ajakannya,
ajakenpa,A335A,adiknya,0.267,4.0,ajakannya,
ajakenpa,A335A,aditama,0.4,6.0,ajakannya,
ajakenpa,A335A,agaknya,0.667,3.0,ajakannya,
ajakenpa,A335A,ajaibnya,0.625,3.0,ajakannya,
ajakenpa,A335A,ajakannya,0.706,3.0,ajakannya,
ajakenpa,A335A,ajudannya,0.588,5.0,ajakannya,
ajakenpa,A335A,ajukannya,0.588,4.0,ajakannya,
ajakenpa,A335A,akademika,0.471,5.0,ajakannya,
ajakenpa,A335A,akademiknya,0.526,6.0,ajakannya,
ajakenpa,A335A,akademisnya,0.526,6.0,ajakannya,
ajakin,A335N,abaikan,0.615,3.0,ajakan,
ajakin,A335N,abdomen,0.308,5.0,ajakan,
ajakin,A335N,abidin,0.5,3.0,ajakan,
ajakin,A335N,acakacakan,0.5,6.0,ajakan,
ajakin,A335N,acakan,0.667,2.0,ajakan,
ajakin,A335N,acatan,0.5,3.0,ajakan,
ajakin,A335N,acikan,0.5,3.0,ajakan,
ajakin,A335N,acukan,0.5,3.0,ajakan,
ajakin,A335N,adakan,0.667,2.0,ajakan,
ajakin,A335N,adapadapan,0.375,7.0,ajakan,
ajakin,A335N,adapan,0.5,3.0,ajakan,
ajakin,A335N,adapun,0.5,3.0,ajakan,
ajakin,A335N,adegan,0.5,4.0,ajakan,
ajakin,A335N,adukadukan,0.5,6.0,ajakan,
ajakin,A335N,adukan,0.5,3.0,ajakan,
ajakin,A335N,adukkan,0.462,4.0,ajakan,
ajakin,A335N,agakan,0.667,2.0,ajakan,
ajakin,A335N,ajaiban,0.769,3.0,ajakan,
ajakin,A335N,ajakan,0.833,1.0,ajakan,
ajakin,A335N,ajudan,0.667,3.0,ajakan,
ajakin,A335N,ajukan,0.667,2.0,ajakan,
ajaknpa,A335A,abdinya,0.286,4.0,ajakannya,
ajaknpa,A335A,abdomennya,0.235,7.0,ajakannya,
ajaknpa,A335A,adatnya,0.571,3.0,ajakannya,
ajaknpa,A335A,adegannya,0.5,5.0,ajakannya,
ajaknpa,A335A,adiguna,0.286,5.0,ajakannya,
ajaknpa,A335A,adikadiknya,0.556,6.0,ajakannya,
ajaknpa,A335A,adikadiknya,0.556,6.0,ajakannya,
ajaknpa,A335A,adiknya,0.571,3.0,ajakannya,
ajaknpa,A335A,aditama,0.429,5.0,ajakannya,
ajaknpa,A335A,agaknya,0.714,2.0,ajakannya,
ajaknpa,A335A,ajaibnya,0.667,3.0,ajakannya,
ajaknpa,A335A,ajakannya,0.75,3.0,ajakannya,
ajaknpa,A335A,ajudannya,0.625,4.0,ajakannya,
ajaknpa,A335A,ajukannya,0.625,4.0,ajakannya,
ajaknpa,A335A,akademika,0.375,6.0,ajakannya,
ajaknpa,A335A,akademiknya,0.444,6.0,ajakannya,
ajaknpa,A335A,akademisnya,0.444,7.0,ajakannya,
ajakok,A330K,abuk,0.4,4.0,ajak,
ajakok,A330K,abukabuk,0.429,5.0,ajak,
ajakok,A330K,acak,0.6,3.0,ajak,
ajakok,A330K,acakacak,0.571,4.0,ajak,
ajakok,A330K,acik,0.4,4.0,ajak,
ajakok,A330K,adik,0.4,4.0,ajak,
ajakok,A330K,aduk,0.4,4.0,ajak,
ajakok,A330K,agak,0.6,3.0,ajak,
ajakok,A330K,agakagak,0.571,4.0,ajak,
ajakok,A330K,aguk,0.4,4.0,ajak,
ajakok,A330K,ajak,0.8,2.0,ajak,
ajakok,A330K,ajek,0.6,3.0,ajak,
ajakok,A330K,ajuk,0.6,3.0,ajak,
ajakontol,A335L,abdominal,0.333,7.0,abdominal,
ajalah,A342H,abilah,0.667,2.0,adalah,
ajalah,A342H,adalah,0.833,1.0,adalah,
ajalah,A342H,adillah,0.615,3.0,adalah,
ajalah,A342H,akalilah,0.714,3.0,adalah,
ajalah,A342H,akliah,0.667,3.0,adalah,
ajalahbisa,A342A,aklasia,0.588,5.0,aklasia,
ajalahsekarang,A342G,adiluhung,0.435,9.0,adiluhung,
ajalu,A340U,akalku,0.727,2.0,akalku,
ajamati,A353I,ajnabi,0.615,3.0,ajnabi,
ajamati,A353I,akomodasi,0.375,5.0,ajnabi,
ajamudik,A353K,adenotropik,0.421,8.0,adenotropik,
ajamutualan,A353N,abangan,0.333,7.0,ajungan,
ajamutualan,A353N,acungkan,0.421,7.0,ajungan,
ajamutualan,A353N,agungkan,0.421,7.0,ajungan,
ajamutualan,A353N,ajengan,0.444,7.0,ajungan,
ajamutualan,A353N,ajungan,0.556,6.0,ajungan,
ajan,A350N,abaian,0.6,3.0,ajuan,
ajan,A350N,aban,0.75,1.0,ajuan,
ajan,A350N,aben,0.5,2.0,ajuan,
ajan,A350N,abon,0.5,2.0,ajuan,
ajan,A350N,abuabuan,0.5,5.0,ajuan,
ajan,A350N,abuan,0.667,2.0,ajuan,
ajan,A350N,abun,0.5,2.0,ajuan,
ajan,A350N,abunabun,0.5,5.0,ajuan,
ajan,A350N,acan,0.75,1.0,ajuan,
ajan,A350N,aciacian,0.5,5.0,ajuan,
ajan,A350N,acian,0.667,2.0,ajuan,
ajan,A350N,acoacoan,0.5,5.0,ajuan,
ajan,A350N,acoan,0.667,2.0,ajuan,
ajan,A350N,acuan,0.667,2.0,ajuan,
ajan,A350N,adan,0.75,1.0,ajuan,
ajan,A350N,adenin,0.4,4.0,ajuan,
ajan,A350N,adnan,0.667,2.0,ajuan,
ajan,A350N,adon,0.5,2.0,ajuan,
ajan,A350N,adonan,0.6,3.0,ajuan,
ajan,A350N,aduan,0.667,2.0,ajuan,
ajan,A350N,adun,0.5,2.0,ajuan,
ajan,A350N,adunan,0.6,3.0,ajuan,
ajan,A350N,agan,0.75,1.0,ajuan,
ajan,A350N,agen,0.5,2.0,ajuan,
ajan,A350N,agon,0.5,2.0,ajuan,
ajan,A350N,agun,0.5,2.0,ajuan,
ajan,A350N,agunan,0.6,3.0,ajuan,
ajan,A350N,ajuan,0.889,1.0,ajuan,
ajan,A350N,ajun,0.75,1.0,ajuan,
ajan,A350N,akan,0.75,1.0,ajuan,
ajan,A350N,akanakan,0.5,5.0,ajuan,
ajan,A350N,akanan,0.6,3.0,ajuan,
ajangakak,A353K,adenotropik,0.3,8.0,adenotropik,
ajangapain,A353N,abangan,0.706,4.0,abangan,
ajangapain,A353N,acungkan,0.333,5.0,abangan,
ajangapain,A353N,agungkan,0.333,5.0,abangan,
ajangapain,A353N,ajengan,0.706,4.0,abangan,ajengan
ajangapain,A353N,ajungan,0.706,4.0,abangan,ajungan
ajangasioraproduksi,A353I,ajnabi,0.32,14.0,ajnabi,
ajangasioraproduksi,A353I,akomodasi,0.286,13.0,ajnabi,
ajangga,A353A,abangga,0.857,1.0,abangga,
ajangga,A353A,abangnya,0.667,3.0,abangga,
ajangga,A353A,agenda,0.308,4.0,abangga,
ajangga,A353A,agendanya,0.5,6.0,abangga,
ajangga,A353A,akomodasinya,0.421,9.0,abangga,
ajanggak,A353K,adenotropik,0.316,8.0,adenotropik,
ajani,A350I,agami,0.6,2.0,agami,
ajanih,A352H,akankah,0.615,3.0,akankah,
ajanoooh,A352H,akankah,0.533,4.0,akankah,
ajanyusahin,A351N,agamawan,0.316,7.0,agamawan,
ajaok,A330K,abuk,0.444,3.0,ajak,
ajaok,A330K,abukabuk,0.462,5.0,ajak,
ajaok,A330K,acak,0.667,2.0,ajak,
ajaok,A330K,acakacak,0.462,5.0,ajak,
ajaok,A330K,acik,0.444,3.0,ajak,
ajaok,A330K,adik,0.444,3.0,ajak,
ajaok,A330K,aduk,0.444,3.0,ajak,
ajaok,A330K,agak,0.667,2.0,ajak,
ajaok,A330K,agakagak,0.462,5.0,ajak,
ajaok,A330K,aguk,0.444,3.0,ajak,
ajaok,A330K,ajak,0.889,1.0,ajak,
ajaok,A330K,ajek,0.667,2.0,ajak,
ajaok,A330K,ajuk,0.667,2.0,ajak,
ajapadahal,A333L,abaktinal,0.421,6.0,adaptabel,
ajapadahal,A333L,adaktil,0.471,7.0,adaptabel,
ajapadahal,A333L,adaptabel,0.526,5.0,adaptabel,
ajapadahal,A333L,adjektival,0.4,7.0,adaptabel,
ajapadahalkan,A333N,abadikan,0.571,7.0,abadikan,
ajapadahalkan,A333N,akibatkan,0.455,8.0,abadikan,
ajapegi,A333I,abdikasi,0.4,6.0,acapkali,
ajapegi,A333I,abduksi,0.286,5.0,acapkali,
ajapegi,A333I,acapkali,0.533,4.0,acapkali,
ajapegi,A333I,adaptasi,0.533,4.0,acapkali,adaptasi
ajapegi,A333I,adipati,0.429,4.0,acapkali,
ajapergi,A336I,adikodrati,0.333,7.0,adikodrati,
ajaprgi,A336I,adikodrati,0.353,7.0,adikodrati,
ajarantidak,A365K,adrenergik,0.476,7.0,akromatik,
ajarantidak,A365K,akromatik,0.5,7.0,akromatik,
ajarhasil,A362L,agrestal,0.353,6.0,agrestal,
ajarin,A365N,abaran,0.667,2.0,ajaran,
ajarin,A365N,abrin,0.727,2.0,ajaran,
ajarin,A365N,adermin,0.615,3.0,ajaran,
ajarin,A365N,adrenalin,0.533,5.0,ajaran,
ajarin,A365N,adrenodoksin,0.444,9.0,ajaran,
ajarin,A365N,ajaran,0.833,1.0,ajaran,
ajarin,A365N,ajaranajaran,0.556,7.0,ajaran,
ajarin,A365N,akarakaran,0.5,6.0,ajaran,
ajarin,A365N,akaran,0.667,2.0,ajaran,
ajarin,A365N,akromatin,0.533,5.0,ajaran,
ajarin,A365N,akromion,0.571,5.0,ajaran,
ajarinbg,A365G,acerang,0.533,4.0,acerang,
ajasana,A325A,absensia,0.267,5.0,acuhnya,
ajasana,A325A,acuhnya,0.286,5.0,acuhnya,
ajasana,A325A,adventisia,0.235,8.0,acuhnya,
ajasana,A325A,akhimya,0.286,5.0,acuhnya,akhimya
ajasaya,A321A,adisiswa,0.267,5.0,adisiswa,
ajasi,A320I,absisi,0.545,3.0,adisi,
ajasi,A320I,adisi,0.6,2.0,adisi,
ajasi,A320I,aduhai,0.545,4.0,adisi,
ajasih,A322H,absah,0.545,3.0,absah,
ajasiii,A320I,absisi,0.615,3.0,absisi,
ajasiii,A320I,adisi,0.5,4.0,absisi,
ajasiii,A320I,aduhai,0.462,5.0,absisi,
ajasiikut,A323T,absit,0.571,5.0,absit,
ajasiikut,A323T,advokat,0.375,6.0,absit,
ajasinapa,A325A,absensia,0.471,5.0,absensia,
ajasinapa,A325A,acuhnya,0.25,6.0,absensia,
ajasinapa,A325A,adventisia,0.421,8.0,absensia,
ajasinapa,A325A,akhimya,0.25,6.0,absensia,
ajatetaplah,A333H,abjadiah,0.526,7.0,ajaibkhanah,
ajatetaplah,A333H,aditokoh,0.316,8.0,ajaibkhanah,
ajatetaplah,A333H,ajaibkhanah,0.545,6.0,ajaibkhanah,
ajaudah,A332H,abadiah,0.714,3.0,abadiah,
ajaudah,A332H,abduh,0.5,4.0,abadiah,
ajaudah,A332H,adabiah,0.571,3.0,abadiah,
ajaudah,A332H,adakah,0.615,3.0,abadiah,
ajaudah,A332H,agakagih,0.533,5.0,abadiah,
ajaudah,A332H,akidah,0.615,3.0,abadiah,
ajawoi,A310I,acawi,0.727,2.0,acawi,
ajaxamsterdam,A325M,adiasam,0.4,8.0,adiasam,
ajaya,A310A,abuya,0.6,2.0,adidaya,
ajaya,A310A,adidaya,0.667,3.0,adidaya,
ajaya,A310A,adiwidia,0.308,6.0,adidaya,
ajayauda,A313A,ajiwaka,0.533,4.0,ajiwaka,
ajdah,A332H,abadiah,0.667,3.0,adakah,
ajdah,A332H,abduh,0.6,2.0,adakah,
ajdah,A332H,adabiah,0.667,4.0,adakah,
ajdah,A332H,adakah,0.727,3.0,adakah,
ajdah,A332H,agakagih,0.462,5.0,adakah,
ajdah,A332H,akidah,0.727,2.0,adakah,
ajdh,A332H,abadiah,0.545,4.0,abduh,
ajdh,A332H,abduh,0.667,2.0,abduh,
ajdh,A332H,adabiah,0.545,5.0,abduh,
ajdh,A332H,adakah,0.6,4.0,abduh,
ajdh,A332H,agakagih,0.333,6.0,abduh,
ajdh,A332H,akidah,0.6,3.0,abduh,
adakynya,A325A,absensia,0.25,6.0,acuhnya,
adakynya,A325A,acuhnya,0.533,4.0,acuhnya,
adakynya,A325A,adventisia,0.333,7.0,acuhnya,
adakynya,A325A,akhimya,0.533,5.0,acuhnya,akhimya
